candidate_id,目标编号,任务,start_time,exec_time,distance,angle_deg,speed,acceleration,margin,normalized_margin,bottleneck_constraint,window_points,dmin,dmax,vmax,amax
0,S01,射击,478.85,480.35,13.690760827840572,-135.91408558221207,1.9326804233279127,0.2594064515573358,0.02127544679860882,0.02127544679860882,speed,16,5.0,30.0,2.0,1.5
1,S01,射击,478.95,480.45,13.65687333867372,-135.10678035438926,1.9284338617567034,0.5479120958929405,0.02127544679860882,0.02127544679860882,speed,16,5.0,30.0,2.0,1.5
2,S01,射击,479.05,480.55,13.461516824377844,-133.64926251775879,1.8489766474888012,1.2123778129084488,0.02127544679860882,0.02127544679860882,speed,16,5.0,30.0,2.0,1.5
3,S01,射击,479.15,480.65,13.120910738490384,-132.97594289234004,1.751543231042297,1.0408957697885954,0.02127544679860882,0.02127544679860882,speed,16,5.0,30.0,2.0,1.5
4,S01,射击,479.25,480.75,12.733859404897887,-133.3575747776107,1.7038046148340447,0.16757370301803554,0.02127544679860882,0.02127544679860882,speed,16,5.0,30.0,2.0,1.5
5,S01,射击,479.35,480.85,12.473965094632764,-133.85835601791118,1.726667034059839,0.647907451813512,0.022586360165033792,0.022586360165033792,speed,16,5.0,30.0,2.0,1.5
6,S01,射击,479.45,480.95,12.344000598517738,-134.0193355948668,1.811221780611295,0.9824246501011479,0.03365978833604366,0.03365978833604366,speed,16,5.0,30.0,2.0,1.5
7,S01,射击,479.55,481.05,12.104471800372739,-134.19048599305657,1.9109412737536389,0.740350290130024,0.03365978833604366,0.03365978833604366,speed,16,5.0,30.0,2.0,1.5
8,S01,射击,479.65,481.15,11.648302640284827,-135.18123421774777,1.9589879533134766,0.3794596200805587,0.02050602334326168,0.02050602334326168,speed,16,5.0,30.0,2.0,1.5
9,S01,射击,479.75,481.25,11.114206523725372,-137.366374317671,1.9309511662078678,0.9005394925814459,0.02050602334326168,0.02050602334326168,speed,16,5.0,30.0,2.0,1.5
10,S01,射击,479.85,481.35,10.640733043252004,-139.35041490844998,1.8595056291587833,0.988081211164002,0.02050602334326168,0.02050602334326168,speed,16,5.0,30.0,2.0,1.5
11,S01,射击,479.95,481.45,10.336052963542965,-139.13082258285118,1.7827064604072598,0.7100230920316005,0.02050602334326168,0.02050602334326168,speed,16,5.0,30.0,2.0,1.5
12,S01,射击,480.05,481.55,10.303548458642986,-137.75997814772145,1.717501570346291,0.7532057374311089,0.02050602334326168,0.02050602334326168,speed,16,5.0,30.0,2.0,1.5
13,S01,射击,480.15,481.65,10.491927330705701,-137.95400257897614,1.6648484218107396,0.551375833982072,0.02050602334326168,0.02050602334326168,speed,16,5.0,30.0,2.0,1.5
14,S01,射击,480.25,481.75,10.711959270500644,-139.3879042617824,1.6224068567246726,0.28287532136724436,0.02050602334326168,0.02050602334326168,speed,16,5.0,30.0,2.0,1.5
15,S01,射击,480.35,481.85,10.854238955663586,-140.0692417524111,1.6111300204074248,0.16565272093554526,0.02050602334326168,0.02050602334326168,speed,16,5.0,30.0,2.0,1.5
16,S01,射击,480.45,481.95,10.910772050855437,-139.2837347898508,1.6386659898126283,0.3260623221698335,0.02050602334326168,0.02050602334326168,speed,16,5.0,30.0,2.0,1.5
17,S01,射击,480.55,482.05,10.969714614392885,-137.7149900579705,1.676088735166791,0.2741829588128353,0.02050602334326168,0.02050602334326168,speed,16,5.0,30.0,2.0,1.5
18,S01,射击,480.65,482.15,11.04585864147887,-136.01826074536464,1.6897702638301209,0.35941542053870557,0.02050602334326168,0.02050602334326168,speed,16,5.0,30.0,2.0,1.5
19,S01,射击,480.75,482.25,11.014510091702496,-134.16860824286454,1.648254973073601,0.9327735685946439,0.02050602334326168,0.02050602334326168,speed,16,5.0,30.0,2.0,1.5
20,S01,射击,480.85,482.35,10.838040068408894,-132.27426269788495,1.5386041390531053,1.2090920553124838,0.02050602334326168,0.02050602334326168,speed,16,5.0,30.0,2.0,1.5
21,S01,射击,480.95,482.45,10.607165055036605,-131.432839893226,1.424689160681826,0.6005322249665404,0.02050602334326168,0.02050602334326168,speed,16,5.0,30.0,2.0,1.5
22,S01,射击,481.05,482.55,10.424308902037291,-131.81228228674573,1.4206465725391497,0.5263363345792068,0.02050602334326168,0.02050602334326168,speed,16,5.0,30.0,2.0,1.5
23,S01,射击,481.15,482.65,10.449118138743216,-131.12831530576645,1.5281227440068879,0.9280614993853511,0.02050602334326168,0.02050602334326168,speed,16,5.0,30.0,2.0,1.5
24,S01,射击,481.25,482.75,10.763979186400181,-128.2592612464698,1.6061779008432298,0.26315308615645,0.03452441689606611,0.03452441689606611,speed,16,5.0,30.0,2.0,1.5
25,S01,射击,481.35,482.85,11.201161050394775,-125.06759648395156,1.5805686492956852,0.3003459245813133,0.07024718542060837,0.07024718542060837,speed,16,5.0,30.0,2.0,1.5
26,S01,射击,481.45,482.95,11.543136543758326,-122.77157862159402,1.5463724253424047,0.3502828283827383,0.10864676979637011,0.10864676979637011,speed,16,5.0,30.0,2.0,1.5
27,S01,射击,481.55,483.05,11.682200741406392,-121.2240809694508,1.6160090598274792,1.3257970103149164,0.11613532645672242,0.11613532645672242,acceleration,16,5.0,30.0,2.0,1.5
28,S01,射击,492.55,494.05,23.84034211539646,-58.25413799856379,1.1132348672598857,0.27715346422207243,0.12772010253925922,0.12772010253925922,acceleration,16,5.0,30.0,2.0,1.5
29,S01,射击,492.65,494.15,23.66479728995564,-57.774232187441484,1.135809614850362,0.2705444078446627,0.12772010253925922,0.12772010253925922,acceleration,16,5.0,30.0,2.0,1.5
30,S01,射击,492.75,494.25,23.566353317712448,-57.86586838243112,1.1566008171885416,0.27519607339732094,0.12772010253925922,0.12772010253925922,acceleration,16,5.0,30.0,2.0,1.5
31,S01,射击,492.85,494.35,23.708781263043345,-58.7071966307666,1.150301572079074,0.8810436160698029,0.12772010253925922,0.12772010253925922,acceleration,16,5.0,30.0,2.0,1.5
32,S01,射击,492.95,494.45,24.045786514299834,-59.08919892556291,1.1110766289537015,1.1739712556811173,0.12772010253925922,0.12772010253925922,acceleration,16,5.0,30.0,2.0,1.5
33,S01,射击,493.05,494.55,24.31792111555949,-58.631812550723154,1.062417713334145,0.9969932026133521,0.12772010253925922,0.12772010253925922,acceleration,16,5.0,30.0,2.0,1.5
34,S01,射击,493.15,494.65,24.29217694765792,-57.906611744458665,1.0365205842349925,0.5647451801211103,0.12772010253925922,0.12772010253925922,acceleration,16,5.0,30.0,2.0,1.5
35,S01,射击,493.25,494.75,24.022205542541197,-57.208094298965754,1.038122707179419,0.06999526415516408,0.12772010253925922,0.12772010253925922,acceleration,16,5.0,30.0,2.0,1.5
36,S01,射击,493.35,494.85,23.697388485230892,-56.663505957256106,1.0379082604385468,0.8181224009812701,0.15972452004161752,0.15972452004161752,acceleration,16,5.0,30.0,2.0,1.5
37,S01,射击,493.45,494.95,23.466197190021564,-56.489374381139484,1.0485775848352668,1.1608729538506672,0.15972452004161752,0.15972452004161752,acceleration,16,5.0,30.0,2.0,1.5
38,S01,射击,493.55,495.05,23.41752752170626,-56.90165920977368,1.1011943135297888,1.005048052280708,0.15972452004161752,0.15972452004161752,acceleration,16,5.0,30.0,2.0,1.5
39,S01,射击,493.65,495.15,23.632860935663487,-57.87585070847894,1.1790687666941488,0.856353566748607,0.15972452004161752,0.15972452004161752,acceleration,16,5.0,30.0,2.0,1.5
40,S01,射击,493.75,495.25,24.062963145189006,-58.7099421692557,1.259594527459125,0.7711090617555076,0.21735249621258848,0.21735249621258848,acceleration,16,5.0,30.0,2.0,1.5
41,S01,射击,493.85,495.35,24.537132173969887,-58.92753632128993,1.327686334824862,0.5863990236316645,0.21735249621258848,0.21735249621258848,acceleration,16,5.0,30.0,2.0,1.5
42,S01,射击,493.95,495.45,24.89739669550096,-58.9608952336617,1.3708151248882972,0.32417545815788634,0.20410413217996165,0.20410413217996165,distance_upper,16,5.0,30.0,2.0,1.5
43,S01,射击,494.05,495.55,25.175367236487137,-59.29949213277319,1.3923437427927918,0.2015921886347146,0.19298531054051452,0.19298531054051452,distance_upper,16,5.0,30.0,2.0,1.5
44,S01,射击,494.15,495.65,25.499833924765113,-59.71827642564436,1.4078605622686617,0.24527622130056254,0.18000664300939548,0.18000664300939548,distance_upper,16,5.0,30.0,2.0,1.5
45,S01,射击,494.25,495.75,25.844689807634087,-59.75902276751325,1.4362404103374813,0.606502904298347,0.16621240769463655,0.16621240769463655,distance_upper,16,5.0,30.0,2.0,1.5
46,S01,射击,494.35,495.85,26.071323962502436,-59.5079948599995,1.5028285123608585,1.0057464457980916,0.15714704149990255,0.15714704149990255,distance_upper,16,5.0,30.0,2.0,1.5
47,S01,射击,494.45,495.95,26.159173848233966,-59.36965569029957,1.616055662730538,1.2876515646849331,0.1415656235433779,0.1415656235433779,acceleration,16,5.0,30.0,2.0,1.5
48,S01,射击,494.55,496.05,26.24075057035672,-59.87661962812761,1.7421265695136563,1.2411669790463806,0.12893671524317185,0.12893671524317185,speed,16,5.0,30.0,2.0,1.5
49,S01,射击,494.65,496.15,26.398207028942085,-61.31076722095635,1.8329322561928965,0.9548623308212629,0.08353387190355177,0.08353387190355177,speed,16,5.0,30.0,2.0,1.5
50,S01,射击,494.75,496.25,26.638792460838957,-63.01106316893285,1.896609208534486,0.8240902361335534,0.051695395732757055,0.051695395732757055,speed,16,5.0,30.0,2.0,1.5
51,S01,射击,494.85,496.35,26.995147762214597,-64.12882480515741,1.9881420615109993,1.113806959276161,0.0059289692445003706,0.0059289692445003706,speed,16,5.0,30.0,2.0,1.5
52,S02,射击,478.85,480.35,5.444683236294849,-129.10281174783472,1.9326804233279127,0.2594064515573358,0.01653990651628863,0.01653990651628863,distance_lower,16,5.0,30.0,2.0,1.5
53,S02,射击,478.95,480.45,5.436017172486857,-127.04450682906386,1.9284338617567034,0.5479120958929405,0.01653990651628863,0.01653990651628863,distance_lower,16,5.0,30.0,2.0,1.5
54,S02,射击,479.05,480.55,5.299027220427164,-123.0728238527836,1.8489766474888012,1.2123778129084488,0.011961088817086568,0.011961088817086568,distance_lower,16,5.0,30.0,2.0,1.5
55,S02,射击,492.55,494.05,24.146855089746126,-38.32382783267695,1.1132348672598857,0.27715346422207243,0.12772010253925922,0.12772010253925922,acceleration,16,5.0,30.0,2.0,1.5
56,S02,射击,492.65,494.15,24.04987259923392,-37.73664989144073,1.135809614850362,0.2705444078446627,0.12772010253925922,0.12772010253925922,acceleration,16,5.0,30.0,2.0,1.5
57,S02,射击,492.75,494.25,23.94444509289094,-37.74064258909155,1.1566008171885416,0.27519607339732094,0.12772010253925922,0.12772010253925922,acceleration,16,5.0,30.0,2.0,1.5
58,S02,射击,492.85,494.35,23.95893091448617,-38.63745222871046,1.150301572079074,0.8810436160698029,0.12772010253925922,0.12772010253925922,acceleration,16,5.0,30.0,2.0,1.5
59,S02,射击,492.95,494.45,24.22141597838861,-39.26679755542232,1.1110766289537015,1.1739712556811173,0.12772010253925922,0.12772010253925922,acceleration,16,5.0,30.0,2.0,1.5
60,S02,射击,493.05,494.55,24.542693485144227,-39.0552800198949,1.062417713334145,0.9969932026133521,0.12772010253925922,0.12772010253925922,acceleration,16,5.0,30.0,2.0,1.5
61,S02,射击,493.15,494.65,24.621439035522332,-38.35954755431859,1.0365205842349925,0.5647451801211103,0.12772010253925922,0.12772010253925922,acceleration,16,5.0,30.0,2.0,1.5
62,S02,射击,493.25,494.75,24.466080528712613,-37.50028264830036,1.038122707179419,0.06999526415516408,0.12772010253925922,0.12772010253925922,acceleration,16,5.0,30.0,2.0,1.5
63,S02,射击,493.35,494.85,24.23737549245255,-36.739211048180714,1.0379082604385468,0.8181224009812701,0.15972452004161752,0.15972452004161752,acceleration,16,5.0,30.0,2.0,1.5
64,S02,射击,493.45,494.95,24.044666539080126,-36.3916151352568,1.0485775848352668,1.1608729538506672,0.15972452004161752,0.15972452004161752,acceleration,16,5.0,30.0,2.0,1.5
65,S02,射击,493.55,495.05,23.940906103278955,-36.72980667909689,1.1011943135297888,1.005048052280708,0.15972452004161752,0.15972452004161752,acceleration,16,5.0,30.0,2.0,1.5
66,S02,射击,493.65,495.15,24.005489818037034,-37.804487449650495,1.1790687666941488,0.856353566748607,0.15972452004161752,0.15972452004161752,acceleration,16,5.0,30.0,2.0,1.5
67,S02,射击,493.75,495.25,24.291519109125126,-38.92668687049061,1.259594527459125,0.7711090617555076,0.2151424385791067,0.2151424385791067,distance_upper,16,5.0,30.0,2.0,1.5
68,S02,射击,493.85,495.35,24.707242116163233,-39.502070245096,1.327686334824862,0.5863990236316645,0.21171031535347068,0.21171031535347068,distance_upper,16,5.0,30.0,2.0,1.5
69,S02,射击,493.95,495.45,25.04252931450678,-39.80747985189295,1.3708151248882972,0.32417545815788634,0.19829882741972882,0.19829882741972882,distance_upper,16,5.0,30.0,2.0,1.5
70,S02,射击,494.05,495.55,25.25694565551212,-40.33287106020097,1.3923437427927918,0.2015921886347146,0.18972217377951522,0.18972217377951522,distance_upper,16,5.0,30.0,2.0,1.5
71,S02,射击,494.15,495.65,25.504128811894837,-40.96527691319247,1.4078605622686617,0.24527622130056254,0.1798348475242065,0.1798348475242065,distance_upper,16,5.0,30.0,2.0,1.5
72,S02,射击,494.25,495.75,25.825080937807833,-41.24985744482722,1.4362404103374813,0.606502904298347,0.1669967624876867,0.1669967624876867,distance_upper,16,5.0,30.0,2.0,1.5
73,S02,射击,494.35,495.85,26.076041598354195,-41.16976863297448,1.5028285123608585,1.0057464457980916,0.1569583360658322,0.1569583360658322,distance_upper,16,5.0,30.0,2.0,1.5
74,S02,射击,494.45,495.95,26.179249640580036,-41.09899563926746,1.616055662730538,1.2876515646849331,0.1415656235433779,0.1415656235433779,acceleration,16,5.0,30.0,2.0,1.5
75,S02,射击,494.55,496.05,26.1841014994099,-41.6367025544351,1.7421265695136563,1.2411669790463806,0.12893671524317185,0.12893671524317185,speed,16,5.0,30.0,2.0,1.5
76,S02,射击,494.65,496.15,26.127697503561077,-43.11531122797346,1.8329322561928965,0.9548623308212629,0.08353387190355177,0.08353387190355177,speed,16,5.0,30.0,2.0,1.5
77,S02,射击,494.75,496.25,26.111250064313445,-44.92008812276624,1.896609208534486,0.8240902361335534,0.051695395732757055,0.051695395732757055,speed,16,5.0,30.0,2.0,1.5
78,S02,射击,494.85,496.35,26.288650780987503,-46.24889792881587,1.9881420615109993,1.113806959276161,0.0059289692445003706,0.0059289692445003706,speed,16,5.0,30.0,2.0,1.5
79,S03,射击,478.85,480.35,13.358580926963796,-77.17189676454609,1.9326804233279127,0.2594064515573358,0.02127544679860882,0.02127544679860882,speed,16,5.0,30.0,2.0,1.5
80,S03,射击,478.95,480.45,13.505408277547511,-76.62048883757211,1.9284338617567034,0.5479120958929405,0.02127544679860882,0.02127544679860882,speed,16,5.0,30.0,2.0,1.5
81,S03,射击,479.05,480.55,13.697375477271141,-75.15949904924503,1.8489766474888012,1.2123778129084488,0.02127544679860882,0.02127544679860882,speed,16,5.0,30.0,2.0,1.5
82,S03,射击,479.15,480.65,13.655397907008702,-73.59953907935574,1.751543231042297,1.0408957697885954,0.02127544679860882,0.02127544679860882,speed,16,5.0,30.0,2.0,1.5
83,S03,射击,479.25,480.75,13.388248112633619,-72.35790701071441,1.7038046148340447,0.16757370301803554,0.02127544679860882,0.02127544679860882,speed,16,5.0,30.0,2.0,1.5
84,S03,射击,479.35,480.85,13.167822971557346,-71.59699989063694,1.726667034059839,0.647907451813512,0.022586360165033792,0.022586360165033792,speed,16,5.0,30.0,2.0,1.5
85,S03,射击,479.45,480.95,13.076987654485135,-71.16354293588388,1.811221780611295,0.9824246501011479,0.03365978833604366,0.03365978833604366,speed,16,5.0,30.0,2.0,1.5
86,S03,射击,479.55,481.05,12.937002528003395,-70.29236243532907,1.9109412737536389,0.740350290130024,0.03365978833604366,0.03365978833604366,speed,16,5.0,30.0,2.0,1.5
87,S03,射击,479.65,481.15,12.558811066062741,-68.82045596073867,1.9589879533134766,0.3794596200805587,0.02050602334326168,0.02050602334326168,speed,16,5.0,30.0,2.0,1.5
88,S03,射击,479.75,481.25,11.957665590681154,-67.25456672484532,1.9309511662078678,0.9005394925814459,0.02050602334326168,0.02050602334326168,speed,16,5.0,30.0,2.0,1.5
89,S03,射击,479.85,481.35,11.45264236737412,-65.62386565011808,1.8595056291587833,0.988081211164002,0.02050602334326168,0.02050602334326168,speed,16,5.0,30.0,2.0,1.5
90,S03,射击,479.95,481.45,11.4093112179802,-64.09881918605,1.7827064604072598,0.7100230920316005,0.02050602334326168,0.02050602334326168,speed,16,5.0,30.0,2.0,1.5
91,S03,射击,480.05,481.55,11.638699229001048,-63.61678824122629,1.717501570346291,0.7532057374311089,0.02050602334326168,0.02050602334326168,speed,16,5.0,30.0,2.0,1.5
92,S03,射击,480.15,481.65,11.657539406886922,-64.55489309478445,1.6648484218107396,0.551375833982072,0.02050602334326168,0.02050602334326168,speed,16,5.0,30.0,2.0,1.5
93,S03,射击,480.25,481.75,11.466088440711808,-65.97532738710868,1.6224068567246726,0.28287532136724436,0.02050602334326168,0.02050602334326168,speed,16,5.0,30.0,2.0,1.5
94,S03,射击,480.35,481.85,11.384093840633055,-66.84339755193368,1.6111300204074248,0.16565272093554526,0.02050602334326168,0.02050602334326168,speed,16,5.0,30.0,2.0,1.5
95,S03,射击,480.45,481.95,11.543331621674422,-66.89292134980239,1.6386659898126283,0.3260623221698335,0.02050602334326168,0.02050602334326168,speed,16,5.0,30.0,2.0,1.5
96,S03,射击,480.55,482.05,11.846220856884596,-66.70628049701854,1.676088735166791,0.2741829588128353,0.02050602334326168,0.02050602334326168,speed,16,5.0,30.0,2.0,1.5
97,S03,射击,480.65,482.15,12.178742847919644,-66.52274067648172,1.6897702638301209,0.35941542053870557,0.02050602334326168,0.02050602334326168,speed,16,5.0,30.0,2.0,1.5
98,S03,射击,480.75,482.25,12.499757287915353,-65.79267767404,1.648254973073601,0.9327735685946439,0.02050602334326168,0.02050602334326168,speed,16,5.0,30.0,2.0,1.5
99,S03,射击,480.85,482.35,12.769158425521205,-64.43933148096212,1.5386041390531053,1.2090920553124838,0.02050602334326168,0.02050602334326168,speed,16,5.0,30.0,2.0,1.5
100,S03,射击,480.95,482.45,12.828797871710197,-63.21711219132701,1.424689160681826,0.6005322249665404,0.02050602334326168,0.02050602334326168,speed,16,5.0,30.0,2.0,1.5
101,S03,射击,481.05,482.55,12.697568990609618,-62.56555838392712,1.4206465725391497,0.5263363345792068,0.02050602334326168,0.02050602334326168,speed,16,5.0,30.0,2.0,1.5
102,S03,射击,481.15,482.65,12.82275436519601,-62.468617844212716,1.5281227440068879,0.9280614993853511,0.02050602334326168,0.02050602334326168,speed,16,5.0,30.0,2.0,1.5
103,S03,射击,481.25,482.75,13.43452522408689,-62.82960222604985,1.6061779008432298,0.26315308615645,0.03452441689606611,0.03452441689606611,speed,16,5.0,30.0,2.0,1.5
104,S03,射击,481.35,482.85,14.17678360074901,-63.32461098813314,1.5805686492956852,0.3003459245813133,0.07024718542060837,0.07024718542060837,speed,16,5.0,30.0,2.0,1.5
105,S03,射击,481.45,482.95,14.741820143006684,-63.61271245155215,1.5463724253424047,0.3502828283827383,0.10864676979637011,0.10864676979637011,speed,16,5.0,30.0,2.0,1.5
106,S03,射击,481.55,483.05,15.081871788004038,-63.43797663400841,1.6160090598274792,1.3257970103149164,0.11613532645672242,0.11613532645672242,acceleration,16,5.0,30.0,2.0,1.5
107,S04,射击,478.85,480.35,11.5677729420759,-13.116820434947224,1.9326804233279127,0.2594064515573358,0.02127544679860882,0.02127544679860882,speed,16,5.0,30.0,2.0,1.5
108,S04,射击,478.95,480.45,11.748847364941687,-13.480640955881663,1.9284338617567034,0.5479120958929405,0.02127544679860882,0.02127544679860882,speed,16,5.0,30.0,2.0,1.5
109,S04,射击,479.05,480.55,12.14512741127022,-13.525436919313016,1.8489766474888012,1.2123778129084488,0.02127544679860882,0.02127544679860882,speed,16,5.0,30.0,2.0,1.5
110,S04,射击,479.15,480.65,12.451795229371626,-12.522252911702177,1.751543231042297,1.0408957697885954,0.02127544679860882,0.02127544679860882,speed,16,5.0,30.0,2.0,1.5
111,S04,射击,479.25,480.75,12.58064384000558,-10.805554817353517,1.7038046148340447,0.16757370301803554,0.02127544679860882,0.02127544679860882,speed,16,5.0,30.0,2.0,1.5
112,S04,射击,479.35,480.85,12.631905398847932,-9.543912574693115,1.726667034059839,0.647907451813512,0.022586360165033792,0.022586360165033792,speed,16,5.0,30.0,2.0,1.5
113,S04,射击,479.45,480.95,12.67718805794224,-8.970200595964776,1.811221780611295,0.9824246501011479,0.03365978833604366,0.03365978833604366,speed,16,5.0,30.0,2.0,1.5
114,S04,射击,479.55,481.05,12.78701426456386,-7.998266811845788,1.9109412737536389,0.740350290130024,0.03365978833604366,0.03365978833604366,speed,16,5.0,30.0,2.0,1.5
115,S04,射击,479.65,481.15,12.904111482912398,-5.828820118624303,1.9589879533134766,0.3794596200805587,0.02050602334326168,0.02050602334326168,speed,16,5.0,30.0,2.0,1.5
116,S04,射击,479.75,481.25,12.938518432667864,-2.7809166409127695,1.9309511662078678,0.9005394925814459,0.02050602334326168,0.02050602334326168,speed,16,5.0,30.0,2.0,1.5
117,S04,射击,479.85,481.35,13.026831124046655,-0.13944375114172722,1.8595056291587833,0.988081211164002,0.02050602334326168,0.02050602334326168,speed,16,5.0,30.0,2.0,1.5
118,S04,射击,479.95,481.45,13.284523113202024,0.5898872299621613,1.7827064604072598,0.7100230920316005,0.02050602334326168,0.02050602334326168,speed,16,5.0,30.0,2.0,1.5
119,S04,射击,480.05,481.55,13.471946225443464,-0.11243007299387603,1.717501570346291,0.7532057374311089,0.02050602334326168,0.02050602334326168,speed,16,5.0,30.0,2.0,1.5
120,S04,射击,480.15,481.65,13.30922042930334,-0.5455637434176681,1.6648484218107396,0.551375833982072,0.02050602334326168,0.02050602334326168,speed,16,5.0,30.0,2.0,1.5
121,S04,射击,480.25,481.75,12.968392774271006,-0.32156837906665053,1.6224068567246726,0.28287532136724436,0.02050602334326168,0.02050602334326168,speed,16,5.0,30.0,2.0,1.5
122,S04,射击,480.35,481.85,12.776920226298188,-0.30007751685540685,1.6111300204074248,0.16565272093554526,0.02050602334326168,0.02050602334326168,speed,16,5.0,30.0,2.0,1.5
123,S04,射击,480.45,481.95,12.83202829428542,-0.9700582323020729,1.6386659898126283,0.3260623221698335,0.02050602334326168,0.02050602334326168,speed,16,5.0,30.0,2.0,1.5
124,S04,射击,480.55,482.05,12.993419167085891,-2.1198794880181007,1.676088735166791,0.2741829588128353,0.02050602334326168,0.02050602334326168,speed,16,5.0,30.0,2.0,1.5
125,S04,射击,480.65,482.15,13.174383525207132,-3.353125158026851,1.6897702638301209,0.35941542053870557,0.02050602334326168,0.02050602334326168,speed,16,5.0,30.0,2.0,1.5
126,S04,射击,480.75,482.25,13.462633243368806,-4.262503112752051,1.648254973073601,0.9327735685946439,0.02050602334326168,0.02050602334326168,speed,16,5.0,30.0,2.0,1.5
127,S04,射击,480.85,482.35,13.854762394059767,-4.634395077388051,1.5386041390531053,1.2090920553124838,0.02050602334326168,0.02050602334326168,speed,16,5.0,30.0,2.0,1.5
128,S04,射击,480.95,482.45,14.120079793553463,-4.27487090736733,1.424689160681826,0.6005322249665404,0.02050602334326168,0.02050602334326168,speed,16,5.0,30.0,2.0,1.5
129,S04,射击,481.05,482.55,14.176888312487511,-3.5166180208028948,1.4206465725391497,0.5263363345792068,0.02050602334326168,0.02050602334326168,speed,16,5.0,30.0,2.0,1.5
130,S04,射击,481.15,482.65,14.260192787367677,-3.903085527719598,1.5281227440068879,0.9280614993853511,0.02050602334326168,0.02050602334326168,speed,16,5.0,30.0,2.0,1.5
131,S04,射击,481.25,482.75,14.517920170269488,-6.137010619509304,1.6061779008432298,0.26315308615645,0.03452441689606611,0.03452441689606611,speed,16,5.0,30.0,2.0,1.5
132,S04,射击,481.35,482.85,14.838784839452241,-8.791185101026777,1.5805686492956852,0.3003459245813133,0.07024718542060837,0.07024718542060837,speed,16,5.0,30.0,2.0,1.5
133,S04,射击,481.45,482.95,15.114528101432793,-10.698504677342791,1.5463724253424047,0.3502828283827383,0.10864676979637011,0.10864676979637011,speed,16,5.0,30.0,2.0,1.5
134,S04,射击,481.55,483.05,15.35816254703338,-11.60687518441047,1.6160090598274792,1.3257970103149164,0.11613532645672242,0.11613532645672242,acceleration,16,5.0,30.0,2.0,1.5
135,S05,射击,478.85,480.35,21.682246810394844,-28.437728313196725,1.9326804233279127,0.2594064515573358,0.02127544679860882,0.02127544679860882,speed,16,5.0,30.0,2.0,1.5
136,S05,射击,478.95,480.45,21.876382956217988,-28.501031205029335,1.9284338617567034,0.5479120958929405,0.02127544679860882,0.02127544679860882,speed,16,5.0,30.0,2.0,1.5
137,S05,射击,479.05,480.55,22.261777334024675,-28.260312224238085,1.8489766474888012,1.2123778129084488,0.02127544679860882,0.02127544679860882,speed,16,5.0,30.0,2.0,1.5
138,S05,射击,479.15,480.65,22.502912522912222,-27.526108339565177,1.751543231042297,1.0408957697885954,0.02127544679860882,0.02127544679860882,speed,16,5.0,30.0,2.0,1.5
139,S05,射击,479.25,480.75,22.527824410901037,-26.51906994668714,1.7038046148340447,0.16757370301803554,0.02127544679860882,0.02127544679860882,speed,16,5.0,30.0,2.0,1.5
140,S05,射击,479.35,480.85,22.500649254411602,-25.804048488202984,1.726667034059839,0.647907451813512,0.022586360165033792,0.022586360165033792,speed,16,5.0,30.0,2.0,1.5
141,S05,射击,479.45,480.95,22.508369435019105,-25.462027850087544,1.811221780611295,0.9824246501011479,0.03365978833604366,0.03365978833604366,speed,16,5.0,30.0,2.0,1.5
142,S05,射击,479.55,481.05,22.551602302427543,-24.85573261254887,1.9109412737536389,0.740350290130024,0.03365978833604366,0.03365978833604366,speed,16,5.0,30.0,2.0,1.5
143,S05,射击,479.65,481.15,22.518683955672202,-23.586578192387005,1.9589879533134766,0.3794596200805587,0.02050602334326168,0.02050602334326168,speed,16,5.0,30.0,2.0,1.5
144,S05,射击,479.75,481.25,22.333957002994687,-21.892939235117414,1.9309511662078678,0.9005394925814459,0.02050602334326168,0.02050602334326168,speed,16,5.0,30.0,2.0,1.5
145,S05,射击,479.85,481.35,22.215637178164233,-20.366856933670974,1.8595056291587833,0.988081211164002,0.02050602334326168,0.02050602334326168,speed,16,5.0,30.0,2.0,1.5
146,S05,射击,479.95,481.45,22.399328197718855,-19.73403233309877,1.7827064604072598,0.7100230920316005,0.02050602334326168,0.02050602334326168,speed,16,5.0,30.0,2.0,1.5
147,S05,射击,480.05,481.55,22.63166809017996,-19.962149937676116,1.717501570346291,0.7532057374311089,0.02050602334326168,0.02050602334326168,speed,16,5.0,30.0,2.0,1.5
148,S05,射击,480.15,481.65,22.512915620359,-20.343949318057636,1.6648484218107396,0.551375833982072,0.02050602334326168,0.02050602334326168,speed,16,5.0,30.0,2.0,1.5
149,S05,射击,480.25,481.75,22.175072092547673,-20.519061870837078,1.6224068567246726,0.28287532136724436,0.02050602334326168,0.02050602334326168,speed,16,5.0,30.0,2.0,1.5
150,S05,射击,480.35,481.85,21.99380437173613,-20.67956104820982,1.6111300204074248,0.16565272093554526,0.02050602334326168,0.02050602334326168,speed,16,5.0,30.0,2.0,1.5
151,S05,射击,480.45,481.95,22.097227747948395,-20.99529736326625,1.6386659898126283,0.3260623221698335,0.02050602334326168,0.02050602334326168,speed,16,5.0,30.0,2.0,1.5
152,S05,射击,480.55,482.05,22.336501406336556,-21.484223009129217,1.676088735166791,0.2741829588128353,0.02050602334326168,0.02050602334326168,speed,16,5.0,30.0,2.0,1.5
153,S05,射击,480.65,482.15,22.59932793661438,-22.01287449734858,1.6897702638301209,0.35941542053870557,0.02050602334326168,0.02050602334326168,speed,16,5.0,30.0,2.0,1.5
154,S05,射击,480.75,482.25,22.93944834087743,-22.289499420745035,1.648254973073601,0.9327735685946439,0.02050602334326168,0.02050602334326168,speed,16,5.0,30.0,2.0,1.5
155,S05,射击,480.85,482.35,23.33990731499738,-22.201745210295968,1.5386041390531053,1.2090920553124838,0.02050602334326168,0.02050602334326168,speed,16,5.0,30.0,2.0,1.5
156,S05,射击,480.95,482.45,23.566417716889575,-21.801886741054822,1.424689160681826,0.6005322249665404,0.02050602334326168,0.02050602334326168,speed,16,5.0,30.0,2.0,1.5
157,S05,射击,481.05,482.55,23.56371697734243,-21.326187183135403,1.4206465725391497,0.5263363345792068,0.02050602334326168,0.02050602334326168,speed,16,5.0,30.0,2.0,1.5
158,S05,射击,481.15,482.65,23.672232012727683,-21.48640903204266,1.5281227440068879,0.9280614993853511,0.02050602334326168,0.02050602334326168,speed,16,5.0,30.0,2.0,1.5
159,S05,射击,481.25,482.75,24.082842825210015,-22.592614477631404,1.6061779008432298,0.26315308615645,0.03452441689606611,0.03452441689606611,speed,16,5.0,30.0,2.0,1.5
160,S05,射击,481.35,482.85,24.576619693009288,-23.927688211104275,1.5805686492956852,0.3003459245813133,0.07024718542060837,0.07024718542060837,speed,16,5.0,30.0,2.0,1.5
161,S05,射击,481.45,482.95,24.969532547053046,-24.88180768428546,1.5463724253424047,0.3502828283827383,0.10864676979637011,0.10864676979637011,speed,16,5.0,30.0,2.0,1.5
162,S05,射击,481.55,483.05,25.26414623589157,-25.28284593711775,1.6160090598274792,1.3257970103149164,0.11613532645672242,0.11613532645672242,acceleration,16,5.0,30.0,2.0,1.5
163,S06,射击,478.85,480.35,27.371411999145128,-12.073459902941215,1.9326804233279127,0.2594064515573358,0.02127544679860882,0.02127544679860882,speed,16,5.0,30.0,2.0,1.5
164,S06,射击,478.95,480.45,27.550971210035037,-12.235429098247513,1.9284338617567034,0.5479120958929405,0.02127544679860882,0.02127544679860882,speed,16,5.0,30.0,2.0,1.5
165,S06,射击,479.05,480.55,27.946953476736883,-12.272547039142774,1.8489766474888012,1.2123778129084488,0.02127544679860882,0.02127544679860882,speed,16,5.0,30.0,2.0,1.5
166,S06,射击,479.15,480.65,28.257196590269235,-11.84412057418256,1.751543231042297,1.0408957697885954,0.02127544679860882,0.02127544679860882,speed,16,5.0,30.0,2.0,1.5
167,S06,射击,479.25,480.75,28.38733290193339,-11.08640566990425,1.7038046148340447,0.16757370301803554,0.02127544679860882,0.02127544679860882,speed,16,5.0,30.0,2.0,1.5
168,S06,射击,479.35,480.85,28.435530767128487,-10.525513813689104,1.726667034059839,0.647907451813512,0.022586360165033792,0.022586360165033792,speed,16,5.0,30.0,2.0,1.5
169,S06,射击,479.45,480.95,28.478282991884274,-10.268626351669313,1.811221780611295,0.9824246501011479,0.03365978833604366,0.03365978833604366,speed,16,5.0,30.0,2.0,1.5
170,S06,射击,479.55,481.05,28.58216803140399,-9.829028214971554,1.9109412737536389,0.740350290130024,0.03365978833604366,0.03365978833604366,speed,16,5.0,30.0,2.0,1.5
171,S06,射击,479.65,481.15,28.67857044017312,-8.846671104056863,1.9589879533134766,0.3794596200805587,0.02050602334326168,0.02050602334326168,speed,16,5.0,30.0,2.0,1.5
172,S06,射击,479.75,481.25,28.666687410897616,-7.471749209944578,1.9309511662078678,0.9005394925814459,0.02050602334326168,0.02050602334326168,speed,16,5.0,30.0,2.0,1.5
173,S06,射击,479.85,481.35,28.698178742349658,-6.264908847005854,1.8595056291587833,0.988081211164002,0.02050602334326168,0.02050602334326168,speed,16,5.0,30.0,2.0,1.5
174,S06,射击,479.95,481.45,28.935946214338312,-5.877770295786742,1.7827064604072598,0.7100230920316005,0.02050602334326168,0.02050602334326168,speed,16,5.0,30.0,2.0,1.5
175,S06,射击,480.05,481.55,29.1401229415009,-6.159103263970272,1.717501570346291,0.7532057374311089,0.02050602334326168,0.02050602334326168,speed,16,5.0,30.0,2.0,1.5
176,S06,射击,480.15,481.65,28.988759633001337,-6.390813160217483,1.6648484218107396,0.551375833982072,0.02050602334326168,0.02050602334326168,speed,16,5.0,30.0,2.0,1.5
177,S06,射击,480.25,481.75,28.64444649299658,-6.359379421368696,1.6224068567246726,0.28287532136724436,0.02050602334326168,0.02050602334326168,speed,16,5.0,30.0,2.0,1.5
178,S06,射击,480.35,481.85,28.453535268470674,-6.390337902147787,1.6111300204074248,0.16565272093554526,0.02050602334326168,0.02050602334326168,speed,16,5.0,30.0,2.0,1.5
179,S06,射击,480.45,481.95,28.523739831948365,-6.678479311883913,1.6386659898126283,0.3260623221698335,0.02050602334326168,0.02050602334326168,speed,16,5.0,30.0,2.0,1.5
180,S06,射击,480.55,482.05,28.70869537351928,-7.164754894445708,1.676088735166791,0.2741829588128353,0.02050602334326168,0.02050602334326168,speed,16,5.0,30.0,2.0,1.5
181,S06,射击,480.65,482.15,28.9120838171009,-7.693491981200218,1.6897702638301209,0.35941542053870557,0.02050602334326168,0.02050602334326168,speed,16,5.0,30.0,2.0,1.5
182,S06,射击,480.75,482.25,29.214613276454713,-8.068801282768884,1.648254973073601,0.9327735685946439,0.02050602334326168,0.02050602334326168,speed,16,5.0,30.0,2.0,1.5
183,S06,射击,480.85,482.35,29.611624485670994,-8.192088110734161,1.5386041390531053,1.2090920553124838,0.015535020573160238,0.015535020573160238,distance_upper,16,5.0,30.0,2.0,1.5
184,S06,射击,480.95,482.45,29.870839215902354,-7.99092105425548,1.424689160681826,0.6005322249665404,0.005166431363905844,0.005166431363905844,distance_upper,16,5.0,30.0,2.0,1.5
185,S06,射击,481.05,482.55,29.91473860339014,-7.625443294314951,1.4206465725391497,0.5263363345792068,0.0034104558643943505,0.0034104558643943505,distance_upper,16,5.0,30.0,2.0,1.5
186,S10,射击,506.65,508.15,8.94142239699312,33.06632696558302,1.2426605402815418,1.486550791635539,0.008966138909640708,0.008966138909640708,acceleration,16,5.0,30.0,2.0,1.5
187,S10,射击,507.45,508.95,9.587861489209615,25.469019644061422,0.7847165676625723,0.30696437609059374,0.008966138909640708,0.008966138909640708,acceleration,16,5.0,30.0,2.0,1.5
188,S10,射击,508.25,509.75,10.291848158436387,19.713236636882513,0.9476747328019905,0.6426228163361286,0.13446476240607655,0.13446476240607655,acceleration,16,5.0,30.0,2.0,1.5
189,S10,射击,509.05,510.55,10.47425019188457,24.680200064910697,1.1888829373136929,0.5588630741487159,0.1982412046562004,0.1982412046562004,distance_lower,16,5.0,30.0,2.0,1.5
190,S10,射击,509.85,511.35,10.377620422116918,13.304550968408607,1.2171245854265145,0.09397630485538223,0.18422006651759615,0.18422006651759615,acceleration,16,5.0,30.0,2.0,1.5
191,S10,射击,512.25,513.75,9.628512572909834,-9.096358838784736,1.8247871028282718,0.8101720269935457,0.07865336045580906,0.07865336045580906,speed,16,5.0,30.0,2.0,1.5
192,S10,射击,513.05,514.55,9.030531034991025,-17.766694292100652,1.5593600337582532,1.0226504730208033,0.07865336045580906,0.07865336045580906,speed,16,5.0,30.0,2.0,1.5
193,S10,射击,513.85,515.35,10.734311929790337,-21.321116274637035,1.219127097913501,0.10776584123771647,0.08662755033661924,0.08662755033661924,acceleration,16,5.0,30.0,2.0,1.5
194,S10,射击,514.65,516.15,10.058078150989939,-23.819108176454108,1.1854551570196543,0.7164676906142421,0.08662755033661924,0.08662755033661924,acceleration,16,5.0,30.0,2.0,1.5
195,S10,射击,515.45,516.95,10.202294321583462,-34.954568738456835,1.1691511721587187,0.5134829081079842,0.1942174604059241,0.1942174604059241,distance_lower,16,5.0,30.0,2.0,1.5
196,S10,射击,516.25,517.75,9.534506944803837,-38.629984639839805,1.0696678942101323,0.21518645167006287,0.17317708760737283,0.17317708760737283,distance_lower,16,5.0,30.0,2.0,1.5
197,S10,射击,522.15,523.65,14.668095499388539,-47.877179916979365,0.7139731347853461,1.0632629927681732,0.12499213847628932,0.12499213847628932,acceleration,16,5.0,30.0,2.0,1.5
198,S10,射击,522.95,524.45,15.528046033211815,-45.03188963617948,0.8654764160269178,1.1606587730093156,0.13434036371026967,0.13434036371026967,acceleration,16,5.0,30.0,2.0,1.5
199,S10,射击,523.75,525.25,16.796827562702518,-39.501468393187714,1.2273243632374562,0.9044112926290089,0.108442806079536,0.108442806079536,acceleration,16,5.0,30.0,2.0,1.5
200,S10,射击,524.55,526.05,17.577789976713753,-39.73883959891078,1.0933707848643563,0.28198789062146096,0.108442806079536,0.108442806079536,acceleration,16,5.0,30.0,2.0,1.5
201,S10,射击,525.35,526.85,16.50875940152967,-40.49477741856925,1.3695140788688969,0.6444622591319255,0.1467901617183638,0.1467901617183638,acceleration,16,5.0,30.0,2.0,1.5
202,S10,射击,526.15,527.65,17.603470630237368,-36.106382629652714,1.620991254062906,0.3767484650059398,0.1467901617183638,0.1467901617183638,acceleration,16,5.0,30.0,2.0,1.5
203,S10,射击,526.95,528.45,20.3441885294588,-35.487121400627714,1.7440946668316877,0.5004929793093014,0.0852638453862159,0.0852638453862159,speed,16,5.0,30.0,2.0,1.5
204,S10,射击,527.75,529.25,20.26776025396267,-32.833073603432446,1.9049843914684035,0.9807407188005752,0.04406684622471735,0.04406684622471735,speed,16,5.0,30.0,2.0,1.5
205,S10,射击,531.95,533.45,24.500896607034736,-20.58732141714044,0.2472828692719288,0.6750516903637044,0.12138936483196705,0.12138936483196705,acceleration,16,5.0,30.0,2.0,1.5
206,S10,射击,532.75,534.25,24.602687776606864,-21.702543264625188,0.9489941664271319,0.7897025860830696,0.17933833577470096,0.17933833577470096,distance_upper,16,5.0,30.0,2.0,1.5
207,S10,射击,533.55,535.05,24.855460876775716,-22.245466251639524,1.7600205716805324,0.6657927772118466,0.06230997575787237,0.06230997575787237,acceleration,16,5.0,30.0,2.0,1.5
208,S10,射击,534.35,535.85,26.896986584774233,-23.473467818615052,1.6521245282376253,0.25680180636934663,0.06230997575787237,0.06230997575787237,acceleration,16,5.0,30.0,2.0,1.5
209,S10,射击,535.15,536.65,28.436842405645766,-19.141746638199027,1.7055028999595743,0.754367227328798,0.06252630377416935,0.06252630377416935,distance_upper,16,5.0,30.0,2.0,1.5
210,S10,射击,751.75,753.25,26.730301576823873,-176.49276605847874,1.950301586528506,0.22178648534838472,0.020889124859447748,0.020889124859447748,distance_upper,16,5.0,30.0,2.0,1.5
211,S10,射击,762.35,763.85,11.784778883755001,-96.92322781447918,1.6416127096382003,0.7415644339442716,0.13632875916347187,0.13632875916347187,speed,16,5.0,30.0,2.0,1.5
212,S10,射击,763.15,764.65,10.751363489250627,-89.61135951068668,1.4974279420993026,0.834165431443859,0.13659429561211567,0.13659429561211567,speed,16,5.0,30.0,2.0,1.5
213,S10,射击,763.95,765.45,10.836279648391816,-77.70941130621044,1.8191962130808077,0.05692822357515926,0.09040189345959615,0.09040189345959615,speed,16,5.0,30.0,2.0,1.5
214,S10,射击,764.75,766.25,11.852705206254349,-66.89540490605336,1.8389875823010633,0.07080963554528555,0.08047353537288104,0.08047353537288104,speed,16,5.0,30.0,2.0,1.5
215,S10,射击,765.55,767.05,12.490361804366662,-64.61117413703694,1.8138318763149808,0.13990466799187887,0.08047353537288104,0.08047353537288104,speed,16,5.0,30.0,2.0,1.5
216,S10,射击,766.35,767.85,13.019323325364214,-58.613582665579216,1.7497888395667736,0.21660738112727185,0.08089221437327343,0.08089221437327343,speed,16,5.0,30.0,2.0,1.5
217,S10,射击,767.15,768.65,13.926314227544115,-56.28369619559816,1.658222933750851,0.2950429270207559,0.09610937159453514,0.09610937159453514,speed,16,5.0,30.0,2.0,1.5
218,S11,射击,506.65,508.15,15.103502080998833,-6.926702238190369,1.2426605402815418,1.486550791635539,0.008966138909640708,0.008966138909640708,acceleration,16,5.0,30.0,2.0,1.5
219,S11,射击,507.35,508.85,15.912110810290992,-8.34753878287083,0.7986200716745026,0.551752647052605,0.008966138909640708,0.008966138909640708,acceleration,16,5.0,30.0,2.0,1.5
220,S11,射击,508.05,509.55,17.71695712596157,-9.892093461347477,0.907783338421264,0.6425595493358386,0.008966138909640708,0.008966138909640708,acceleration,16,5.0,30.0,2.0,1.5
221,S11,射击,508.75,510.25,17.230649099292524,-6.43827996870875,1.3051215109539072,0.6154397478042519,0.26987667303883905,0.26987667303883905,acceleration,16,5.0,30.0,2.0,1.5
222,S11,射击,509.45,510.95,16.988835440134725,-10.840101294564183,1.1639010984378333,0.9719772157741143,0.26987667303883905,0.26987667303883905,acceleration,16,5.0,30.0,2.0,1.5
223,S11,射击,510.15,511.65,17.46572553716743,-14.558559924459912,1.285572296697203,0.9288117571898472,0.18422006651759615,0.18422006651759615,acceleration,16,5.0,30.0,2.0,1.5
224,S11,射击,512.45,513.95,19.20991783116447,-26.953464250346393,1.7048114956122598,1.0489491941718119,0.07865336045580906,0.07865336045580906,speed,16,5.0,30.0,2.0,1.5
225,S11,射击,513.15,514.65,18.664577837150603,-31.685521575361914,1.4439936971416543,1.3700586744950711,0.07865336045580906,0.07865336045580906,speed,16,5.0,30.0,2.0,1.5
226,S11,射击,513.85,515.35,20.461163568694264,-31.211466096736856,1.219127097913501,0.10776584123771647,0.08662755033661924,0.08662755033661924,acceleration,16,5.0,30.0,2.0,1.5
227,S11,射击,514.55,516.05,19.68624010542089,-33.22185631800516,1.2136091979190324,0.2023063547159421,0.08662755033661924,0.08662755033661924,acceleration,16,5.0,30.0,2.0,1.5
228,S11,射击,515.25,516.75,20.77917954408617,-35.998301197715364,1.1822356454538088,0.42997630838160283,0.2776258990940545,0.2776258990940545,acceleration,16,5.0,30.0,2.0,1.5
229,S11,射击,515.95,517.45,19.903961334926787,-39.64940982862323,1.0428738824073303,0.5084732762069823,0.26337291770533106,0.26337291770533106,acceleration,16,5.0,30.0,2.0,1.5
230,S11,射击,516.65,518.15,20.54846422254286,-41.46411657087776,1.1895815125738505,0.3864661413648567,0.26337291770533106,0.26337291770533106,acceleration,16,5.0,30.0,2.0,1.5
231,S11,射击,522.45,523.95,24.751845849260455,-42.67988243445474,0.5199443617938289,0.3081800179220065,0.12499213847628932,0.12499213847628932,acceleration,16,5.0,30.0,2.0,1.5
232,S11,射击,523.15,524.65,26.23497466907047,-42.43732119559525,1.0007663805751952,0.33122374023890117,0.13434036371026967,0.13434036371026967,acceleration,16,5.0,30.0,2.0,1.5
233,S11,射击,523.85,525.35,26.915127477681136,-39.96137396794108,1.2251726746186091,0.4745478253248056,0.108442806079536,0.108442806079536,acceleration,16,5.0,30.0,2.0,1.5
234,S11,射击,524.55,526.05,27.630587244866227,-40.47998908076232,1.0933707848643563,0.28198789062146096,0.06910604987730821,0.06910604987730821,distance_upper,16,5.0,30.0,2.0,1.5
235,S11,射击,525.25,526.75,26.429970765959784,-40.36122975183078,1.3037532012397453,1.2798147574224543,0.06910604987730821,0.06910604987730821,distance_upper,16,5.0,30.0,2.0,1.5
236,S11,射击,525.95,527.45,26.514676574301355,-38.99242879749665,1.5875264596068681,0.7098504304408378,0.07624280320995894,0.07624280320995894,distance_upper,16,5.0,30.0,2.0,1.5
237,S11,射击,526.65,528.15,29.971710717432508,-36.71712615529007,1.8163277020993227,0.5575121173350533,0.0011315713026996833,0.0011315713026996833,distance_upper,16,5.0,30.0,2.0,1.5
238,S11,射击,749.15,750.65,24.171158065227793,-167.7730250053185,1.8416056803468617,0.7100153102842994,0.04748659766342145,0.04748659766342145,speed,16,5.0,30.0,2.0,1.5
239,S11,射击,749.85,751.35,23.372517204722215,-167.11623508892922,1.8010513970146738,0.6082211539885957,0.029358318969770036,0.029358318969770036,speed,16,5.0,30.0,2.0,1.5
240,S11,射击,750.55,752.05,21.599655900068434,-165.32676428184044,1.6728461175190703,1.132047019290078,0.029358318969770036,0.029358318969770036,speed,16,5.0,30.0,2.0,1.5
241,S11,射击,751.25,752.75,21.492699301037582,-160.82958863054318,1.7141936761758922,0.5943494046193272,0.06418599130887326,0.06418599130887326,speed,16,5.0,30.0,2.0,1.5
242,S11,射击,751.95,753.45,20.70339255504562,-157.09184882751308,1.8797572431926395,0.4199810175677014,0.024849206735746976,0.024849206735746976,speed,16,5.0,30.0,2.0,1.5
243,S11,射击,762.45,763.95,19.79425263823148,-70.61524990798465,1.6580523487148946,0.5890735193110469,0.13632875916347187,0.13632875916347187,speed,16,5.0,30.0,2.0,1.5
244,S11,射击,763.15,764.65,19.023424284581576,-66.54152666587483,1.4974279420993026,0.834165431443859,0.13659429561211567,0.13659429561211567,speed,16,5.0,30.0,2.0,1.5
245,S11,射击,763.85,765.35,19.8718998357152,-61.45318131903756,1.8134045776404577,0.0625955242783317,0.09329771117977115,0.09329771117977115,speed,16,5.0,30.0,2.0,1.5
246,S11,射击,764.55,766.05,21.054037368083517,-57.01470749018604,1.8384041737185666,0.05806900512614555,0.08079791314071672,0.08079791314071672,speed,16,5.0,30.0,2.0,1.5
247,S11,射击,765.25,766.75,22.003503081609157,-55.99636688004492,1.828239180017358,0.11231740593438178,0.08047353537288104,0.08047353537288104,speed,16,5.0,30.0,2.0,1.5
248,S11,射击,765.95,767.45,22.470828872692575,-54.686940839967576,1.7861157387445477,0.17789820296525438,0.08047353537288104,0.08047353537288104,speed,16,5.0,30.0,2.0,1.5
249,S11,射击,766.65,768.15,23.14340498766664,-49.5974683785416,1.7178360177131504,0.2459059214079804,0.08412675891362997,0.08412675891362997,speed,16,5.0,30.0,2.0,1.5
250,S11,射击,767.35,768.85,23.273051392493514,-49.893796653413766,1.633119782145895,0.2336107797665723,0.10304763331663791,0.10304763331663791,speed,16,5.0,30.0,2.0,1.5
251,S12,射击,506.65,508.15,25.75696935834202,24.73804537023482,1.2426605402815418,1.486550791635539,0.008966138909640708,0.008966138909640708,acceleration,16,5.0,30.0,2.0,1.5
252,S12,射击,507.25,508.75,26.21398091714495,23.759106692015706,0.8041957232986053,0.6950050447711482,0.008966138909640708,0.008966138909640708,acceleration,16,5.0,30.0,2.0,1.5
253,S12,射击,507.85,509.35,27.933289709652193,20.770575690597944,0.73251835036009,0.8358181040928186,0.008966138909640708,0.008966138909640708,acceleration,16,5.0,30.0,2.0,1.5
254,S12,射击,508.45,509.95,27.379247731784616,21.115495667531842,1.016084185440306,0.7208894733534501,0.08266841161391227,0.08266841161391227,distance_upper,16,5.0,30.0,2.0,1.5
255,S12,射击,509.05,510.55,27.415194817950127,22.008211361530304,1.1888829373136929,0.5588630741487159,0.08266841161391227,0.08266841161391227,distance_upper,16,5.0,30.0,2.0,1.5
256,S12,射击,509.65,511.15,27.011973939563326,18.947908913891958,1.2129695591908398,1.0067347157650652,0.09099482985192864,0.09099482985192864,distance_upper,16,5.0,30.0,2.0,1.5
257,S12,射击,510.25,511.75,26.42379945420487,17.446287445539372,1.3098217360477669,0.7741540741939867,0.09352809455624068,0.09352809455624068,distance_upper,16,5.0,30.0,2.0,1.5
258,S12,射击,512.45,513.95,25.81839537680812,8.671877290443815,1.7048114956122598,1.0489491941718119,0.07865336045580906,0.07865336045580906,speed,16,5.0,30.0,2.0,1.5
259,S12,射击,513.05,514.55,24.700796075337628,7.313588679292529,1.5593600337582532,1.0226504730208033,0.07865336045580906,0.07865336045580906,speed,16,5.0,30.0,2.0,1.5
260,S12,射击,513.65,515.15,25.486632049731845,5.380969364313466,1.257248995487151,0.43626471220737395,0.07865336045580906,0.07865336045580906,speed,16,5.0,30.0,2.0,1.5
261,S12,射击,514.25,515.75,24.980656065313344,3.95096514463929,1.0031284327059669,0.4466382532761769,0.08662755033661924,0.08662755033661924,acceleration,16,5.0,30.0,2.0,1.5
262,S12,射击,514.85,516.35,25.770268791004543,4.435458086862255,0.9990371233787724,0.7438142888240388,0.16023958964736637,0.16023958964736637,distance_upper,16,5.0,30.0,2.0,1.5
263,S12,射击,515.45,516.95,24.261929620131387,0.12949073510282866,1.1691511721587187,0.5134829081079842,0.1688912386997984,0.1688912386997984,distance_upper,16,5.0,30.0,2.0,1.5
264,S12,射击,516.05,517.55,23.39687131080812,0.1998202466798128,1.073641585433568,0.176433448564837,0.1688912386997984,0.1688912386997984,distance_upper,16,5.0,30.0,2.0,1.5
265,S12,射击,516.65,518.15,23.819675113826015,-2.4209906924508378,1.1895815125738505,0.3864661413648567,0.18290011771166392,0.18290011771166392,distance_upper,16,5.0,30.0,2.0,1.5
266,S12,射击,522.35,523.85,26.75654635772709,-9.658258193107251,0.5556181741660112,0.6454507753492653,0.12499213847628932,0.12499213847628932,acceleration,16,5.0,30.0,2.0,1.5
267,S12,射击,522.95,524.45,27.35093166391279,-10.71693051476609,0.8654764160269178,1.1606587730093156,0.10596273344348844,0.10596273344348844,distance_upper,16,5.0,30.0,2.0,1.5
268,S12,射击,523.55,525.05,28.88090181294989,-10.700703147563614,1.1790921103383345,1.3109900971198813,0.04476392748200439,0.04476392748200439,distance_upper,16,5.0,30.0,2.0,1.5
269,S12,射击,524.15,525.65,29.939545423614724,-9.528933679643309,1.1080458263790678,0.3303489253239227,0.002418183055411021,0.002418183055411021,distance_upper,16,5.0,30.0,2.0,1.5
270,S12,射击,748.95,750.45,17.395717945632757,153.58920202620396,1.902794228816051,0.1535790287785399,0.048602885591974454,0.048602885591974454,speed,16,5.0,30.0,2.0,1.5
271,S12,射击,749.55,751.05,16.635727950277275,152.18004690810068,1.9373432713775172,0.5320484221034176,0.03132836431124142,0.03132836431124142,speed,16,5.0,30.0,2.0,1.5
272,S12,射击,750.15,751.65,15.972422671806276,149.94888916925677,1.6313000837507332,0.8221149270213447,0.029358318969770036,0.029358318969770036,speed,16,5.0,30.0,2.0,1.5
273,S12,射击,750.75,752.25,14.827494304907537,151.1932181262131,1.7484541807284626,0.47220999860886387,0.029358318969770036,0.029358318969770036,speed,16,5.0,30.0,2.0,1.5
274,S12,射击,751.35,752.85,12.972637726985361,153.71326870926725,1.7279695575680565,0.5449152133127999,0.09947430149266312,0.09947430149266312,speed,16,5.0,30.0,2.0,1.5
275,S12,射击,751.95,753.45,11.596617004095675,156.94662812695518,1.8797572431926395,0.4199810175677014,0.024849206735746976,0.024849206735746976,speed,16,5.0,30.0,2.0,1.5
276,S12,射击,762.35,763.85,15.597491893874498,-21.825496989742792,1.6416127096382003,0.7415644339442716,0.13632875916347187,0.13632875916347187,speed,16,5.0,30.0,2.0,1.5
277,S12,射击,762.95,764.45,16.07563218281447,-16.73722786160724,1.3562615181707152,0.9381225106214729,0.13632875916347187,0.13632875916347187,speed,16,5.0,30.0,2.0,1.5
278,S12,射击,763.55,765.05,17.793720469968687,-14.043752614181395,1.7915476871427194,0.426672289109858,0.1042261564286403,0.1042261564286403,speed,16,5.0,30.0,2.0,1.5
279,S12,射击,764.15,765.65,19.619890184424307,-12.586478935956645,1.8285466546731246,0.04985397108544124,0.0857266726634377,0.0857266726634377,speed,16,5.0,30.0,2.0,1.5
280,S12,射击,764.75,766.25,21.15109857481989,-13.67940467968167,1.8389875823010633,0.07080963554528555,0.08047353537288104,0.08047353537288104,speed,16,5.0,30.0,2.0,1.5
281,S12,射击,765.35,766.85,21.65249412519674,-15.391401150887278,1.8240754827821215,0.12138693730285337,0.08047353537288104,0.08047353537288104,speed,16,5.0,30.0,2.0,1.5
282,S12,射击,765.95,767.45,22.144974372975348,-15.012822529010613,1.7861157387445477,0.17789820296525438,0.08047353537288104,0.08047353537288104,speed,16,5.0,30.0,2.0,1.5
283,S12,射击,766.55,768.05,23.57227310646109,-13.323145491157305,1.7288769604590248,0.2361206274284487,0.08270727143347978,0.08270727143347978,speed,16,5.0,30.0,2.0,1.5
284,S12,射击,767.15,768.65,24.304201060106475,-13.524614719626864,1.658222933750851,0.2950429270207559,0.09610937159453514,0.09610937159453514,speed,16,5.0,30.0,2.0,1.5
285,S13,射击,762.05,763.55,28.692171622787942,-31.821969853812707,1.6347529377580816,0.45632845676258427,0.003053626857507794,0.003053626857507794,distance_upper,16,5.0,30.0,2.0,1.5
286,S13,射击,762.15,763.65,28.82512940732016,-31.85738144799126,1.62926617425347,0.29444162654154254,0.003053626857507794,0.003053626857507794,distance_upper,16,5.0,30.0,2.0,1.5
287,S13,射击,762.25,763.75,29.04284027053064,-31.115504213564478,1.629439467764578,0.25965400959307594,0.003053626857507794,0.003053626857507794,distance_upper,16,5.0,30.0,2.0,1.5
288,S13,射击,762.35,763.85,29.480215026525585,-30.582390400358292,1.6416127096382003,0.7415644339442716,0.003053626857507794,0.003053626857507794,distance_upper,16,5.0,30.0,2.0,1.5
289,S14,射击,748.55,750.05,10.709894759252963,67.05548347411825,1.8488032496532487,0.8070626712071034,0.019917353357288725,0.019917353357288725,speed,16,5.0,30.0,2.0,1.5
290,S14,射击,748.65,750.15,10.56123866980899,67.89884737490604,1.8885827868985845,0.15884932580738045,0.05570860655070775,0.05570860655070775,speed,16,5.0,30.0,2.0,1.5
291,S14,射击,748.75,750.25,10.481765767312995,69.18199581538809,1.8797157757162006,0.2829734406221424,0.05570860655070775,0.05570860655070775,speed,16,5.0,30.0,2.0,1.5
292,S14,射击,748.85,750.35,10.57338957629448,70.1445170673298,1.8761230129079347,0.3095925211760501,0.05570860655070775,0.05570860655070775,speed,16,5.0,30.0,2.0,1.5
293,S14,射击,748.95,750.45,10.704804174319676,69.66558066713192,1.902794228816051,0.1535790287785399,0.048602885591974454,0.048602885591974454,speed,16,5.0,30.0,2.0,1.5
294,S14,射击,749.05,750.55,10.731402082913611,68.22921788479144,1.905026804673157,0.3696131293840057,0.04748659766342145,0.04748659766342145,speed,16,5.0,30.0,2.0,1.5
295,S14,射击,749.15,750.65,10.596663121471721,67.37138522747107,1.8416056803468617,0.7100153102842994,0.04748659766342145,0.04748659766342145,speed,16,5.0,30.0,2.0,1.5
296,S14,射击,749.25,750.75,10.437859579743831,67.29479595816075,1.7711452066468767,0.34680431908594433,0.04748659766342145,0.04748659766342145,speed,16,5.0,30.0,2.0,1.5
297,S14,射击,749.35,750.85,10.518729848038591,67.04344520053108,1.774158766029351,0.6229398549222863,0.04748659766342145,0.04748659766342145,speed,16,5.0,30.0,2.0,1.5
298,S14,射击,749.45,750.95,10.834775280158931,66.26156770071607,1.854789669731743,0.9657176717707825,0.04748659766342145,0.04748659766342145,speed,16,5.0,30.0,2.0,1.5
299,S14,射击,749.55,751.05,11.059893697813228,65.49663421583016,1.9373432713775172,0.5320484221034176,0.03132836431124142,0.03132836431124142,speed,16,5.0,30.0,2.0,1.5
300,S14,射击,749.65,751.15,10.964466988496067,64.71209041426134,1.94128336206046,0.36178019786714827,0.029358318969770036,0.029358318969770036,speed,16,5.0,30.0,2.0,1.5
301,S14,射击,749.75,751.25,10.776407975463771,63.71219173854611,1.8716280173822535,0.7156986605630768,0.029358318969770036,0.029358318969770036,speed,16,5.0,30.0,2.0,1.5
302,S14,射击,749.85,751.35,10.864338429639856,63.097067951423725,1.8010513970146738,0.6082211539885957,0.029358318969770036,0.029358318969770036,speed,16,5.0,30.0,2.0,1.5
303,S14,射击,749.95,751.45,11.265004042759152,63.20023573428882,1.7601311118824896,0.5553487347862208,0.029358318969770036,0.029358318969770036,speed,16,5.0,30.0,2.0,1.5
304,S14,射击,750.05,751.55,11.620879962522912,63.10708671974059,1.711057580607255,0.6868673239251447,0.029358318969770036,0.029358318969770036,speed,16,5.0,30.0,2.0,1.5
305,S14,射击,750.15,751.65,11.663249520931595,62.00533079714486,1.6313000837507332,0.8221149270213447,0.029358318969770036,0.029358318969770036,speed,16,5.0,30.0,2.0,1.5
306,S14,射击,750.25,751.75,11.557747410698909,60.00589815823914,1.5470475416174923,0.6230808900997035,0.029358318969770036,0.029358318969770036,speed,16,5.0,30.0,2.0,1.5
307,S14,射击,750.35,751.85,11.537874936273282,57.50541839963453,1.506761305982304,0.19003567478317088,0.029358318969770036,0.029358318969770036,speed,16,5.0,30.0,2.0,1.5
308,S14,射击,750.45,751.95,11.629080642395245,55.26158410333788,1.5546419788700065,0.9195700303635619,0.029358318969770036,0.029358318969770036,speed,16,5.0,30.0,2.0,1.5
309,S14,射击,750.55,752.05,11.627773296920397,54.18155266447973,1.6728461175190703,1.132047019290078,0.029358318969770036,0.029358318969770036,speed,16,5.0,30.0,2.0,1.5
310,S14,射击,750.65,752.15,11.468478204556543,54.82719839423434,1.7625966757250375,0.46745669215474317,0.029358318969770036,0.029358318969770036,speed,16,5.0,30.0,2.0,1.5
311,S14,射击,750.75,752.25,11.357223886262597,56.26408875997912,1.7484541807284626,0.47220999860886387,0.029358318969770036,0.029358318969770036,speed,16,5.0,30.0,2.0,1.5
312,S14,射击,750.85,752.35,11.304993145874244,56.46397000653123,1.668155553564467,0.6774159457137927,0.029358318969770036,0.029358318969770036,speed,16,5.0,30.0,2.0,1.5
313,S14,射击,750.95,752.45,11.073622741700152,53.99179045562012,1.6211196226868918,0.3260491322865235,0.029358318969770036,0.029358318969770036,speed,16,5.0,30.0,2.0,1.5
314,S14,射击,751.05,752.55,10.738536929221066,49.967659810108685,1.6503303271422831,0.3969953750832814,0.029358318969770036,0.029358318969770036,speed,16,5.0,30.0,2.0,1.5
315,S14,射击,751.15,752.65,10.62057597507346,47.32476030105461,1.6988723235549585,0.48601274028572317,0.029358318969770036,0.029358318969770036,speed,16,5.0,30.0,2.0,1.5
316,S14,射击,751.25,752.75,10.781854936856707,46.66522451886435,1.7141936761758922,0.5943494046193272,0.06418599130887326,0.06418599130887326,speed,16,5.0,30.0,2.0,1.5
317,S14,射击,751.35,752.85,11.114649110271108,46.37154593762509,1.7279695575680565,0.5449152133127999,0.09947430149266312,0.09947430149266312,speed,16,5.0,30.0,2.0,1.5
318,S14,射击,751.45,752.95,11.426347387919282,45.349044297303124,1.7871398337826445,0.7759894997036361,0.10643008310867774,0.10643008310867774,speed,16,5.0,30.0,2.0,1.5
319,S14,射击,751.55,753.05,11.412251292549403,43.24054805579155,1.877120860033896,0.7864419532455422,0.061439569983052,0.061439569983052,speed,16,5.0,30.0,2.0,1.5
320,S14,射击,751.65,753.15,11.047797039029374,40.120457906710065,1.9419901104395114,0.36638457188970847,0.02900494478024429,0.02900494478024429,speed,16,5.0,30.0,2.0,1.5
321,S14,射击,751.75,753.25,10.755591814506463,37.61555502299652,1.950301586528506,0.22178648534838472,0.024849206735746976,0.024849206735746976,speed,16,5.0,30.0,2.0,1.5
322,S14,射击,751.85,753.35,10.771917466374893,37.26846059462184,1.9173381180360112,0.4291553453692041,0.024849206735746976,0.024849206735746976,speed,16,5.0,30.0,2.0,1.5
323,S14,射击,751.95,753.45,11.012204290095347,38.40594023102403,1.8797572431926395,0.4199810175677014,0.024849206735746976,0.024849206735746976,speed,16,5.0,30.0,2.0,1.5
324,S14,射击,752.05,753.55,11.319855201928293,39.221146972684856,1.8779320172210527,0.7105775834182527,0.024849206735746976,0.024849206735746976,speed,16,5.0,30.0,2.0,1.5
325,S14,射击,752.15,753.65,11.512130377584302,38.276773198919116,1.9536498027435425,1.383053726144494,0.023175098628228752,0.023175098628228752,speed,16,5.0,30.0,2.0,1.5
326,S15,射击,748.55,750.05,13.686706778160854,2.3556631351991912,1.8488032496532487,0.8070626712071034,0.019917353357288725,0.019917353357288725,speed,16,5.0,30.0,2.0,1.5
327,S15,射击,748.65,750.15,13.48232493299595,2.062440560159868,1.8885827868985845,0.15884932580738045,0.05570860655070775,0.05570860655070775,speed,16,5.0,30.0,2.0,1.5
328,S15,射击,748.75,750.25,13.234579166744881,2.1541078914352765,1.8797157757162006,0.2829734406221424,0.05570860655070775,0.05570860655070775,speed,16,5.0,30.0,2.0,1.5
329,S15,射击,748.85,750.35,13.107111095563464,2.819898735298199,1.8761230129079347,0.3095925211760501,0.05570860655070775,0.05570860655070775,speed,16,5.0,30.0,2.0,1.5
330,S15,射击,748.95,750.45,13.240474608712008,3.1938513077916904,1.902794228816051,0.1535790287785399,0.048602885591974454,0.048602885591974454,speed,16,5.0,30.0,2.0,1.5
331,S15,射击,749.05,750.55,13.496657323445348,2.828379878711448,1.905026804673157,0.3696131293840057,0.04748659766342145,0.04748659766342145,speed,16,5.0,30.0,2.0,1.5
332,S15,射击,749.15,750.65,13.585647866011968,2.0286131655313993,1.8416056803468617,0.7100153102842994,0.04748659766342145,0.04748659766342145,speed,16,5.0,30.0,2.0,1.5
333,S15,射击,749.25,750.75,13.53290639977133,1.3928798233392883,1.7711452066468767,0.34680431908594433,0.04748659766342145,0.04748659766342145,speed,16,5.0,30.0,2.0,1.5
334,S15,射击,749.35,750.85,13.6081179591961,1.6239860713025493,1.774158766029351,0.6229398549222863,0.04748659766342145,0.04748659766342145,speed,16,5.0,30.0,2.0,1.5
335,S15,射击,749.45,750.95,13.875440329633768,2.553058422819946,1.854789669731743,0.9657176717707825,0.04748659766342145,0.04748659766342145,speed,16,5.0,30.0,2.0,1.5
336,S15,射击,749.55,751.05,14.107746093519403,3.1035601430791724,1.9373432713775172,0.5320484221034176,0.03132836431124142,0.03132836431124142,speed,16,5.0,30.0,2.0,1.5
337,S15,射击,749.65,751.15,14.19693302354667,2.477823845748981,1.94128336206046,0.36178019786714827,0.029358318969770036,0.029358318969770036,speed,16,5.0,30.0,2.0,1.5
338,S15,射击,749.75,751.25,14.27724805240501,1.4525677058348707,1.8716280173822535,0.7156986605630768,0.029358318969770036,0.029358318969770036,speed,16,5.0,30.0,2.0,1.5
339,S15,射击,749.85,751.35,14.421134619369752,1.5438672316805486,1.8010513970146738,0.6082211539885957,0.029358318969770036,0.029358318969770036,speed,16,5.0,30.0,2.0,1.5
340,S15,射击,749.95,751.45,14.59863244805936,2.9645129914451767,1.7601311118824896,0.5553487347862208,0.029358318969770036,0.029358318969770036,speed,16,5.0,30.0,2.0,1.5
341,S15,射击,750.05,751.55,14.794726121785379,4.124605378816163,1.711057580607255,0.6868673239251447,0.029358318969770036,0.029358318969770036,speed,16,5.0,30.0,2.0,1.5
342,S15,射击,750.15,751.65,15.007861831904545,3.8149907179375684,1.6313000837507332,0.8221149270213447,0.029358318969770036,0.029358318969770036,speed,16,5.0,30.0,2.0,1.5
343,S15,射击,750.25,751.75,15.294327395359536,2.660382534012232,1.5470475416174923,0.6230808900997035,0.029358318969770036,0.029358318969770036,speed,16,5.0,30.0,2.0,1.5
344,S15,射击,750.35,751.85,15.704305453657552,1.5746020407418344,1.506761305982304,0.19003567478317088,0.029358318969770036,0.029358318969770036,speed,16,5.0,30.0,2.0,1.5
345,S15,射击,750.45,751.95,16.128643515438977,0.9106612560894022,1.5546419788700065,0.9195700303635619,0.029358318969770036,0.029358318969770036,speed,16,5.0,30.0,2.0,1.5
346,S15,射击,750.55,752.05,16.305299046076524,0.4521631973442284,1.6728461175190703,1.132047019290078,0.029358318969770036,0.029358318969770036,speed,16,5.0,30.0,2.0,1.5
347,S15,射击,750.65,752.15,16.106524597682654,0.2651820436413694,1.7625966757250375,0.46745669215474317,0.029358318969770036,0.029358318969770036,speed,16,5.0,30.0,2.0,1.5
348,S15,射击,750.75,752.25,15.808075914632264,0.5246040328144056,1.7484541807284626,0.47220999860886387,0.029358318969770036,0.029358318969770036,speed,16,5.0,30.0,2.0,1.5
349,S15,射击,750.85,752.35,15.746052311126617,0.4481076329395499,1.668155553564467,0.6774159457137927,0.029358318969770036,0.029358318969770036,speed,16,5.0,30.0,2.0,1.5
350,S15,射击,750.95,752.45,16.013852017316843,-1.2243884544417911,1.6211196226868918,0.3260491322865235,0.029358318969770036,0.029358318969770036,speed,16,5.0,30.0,2.0,1.5
351,S15,射击,751.05,752.55,16.442596612906247,-3.758044439117771,1.6503303271422831,0.3969953750832814,0.029358318969770036,0.029358318969770036,speed,16,5.0,30.0,2.0,1.5
352,S15,射击,751.15,752.65,16.76556325067593,-5.104491093486254,1.6988723235549585,0.48601274028572317,0.029358318969770036,0.029358318969770036,speed,16,5.0,30.0,2.0,1.5
353,S15,射击,751.25,752.75,16.96191258479856,-4.93022439609155,1.7141936761758922,0.5943494046193272,0.06418599130887326,0.06418599130887326,speed,16,5.0,30.0,2.0,1.5
354,S15,射击,751.35,752.85,17.21467511680555,-4.180375739458178,1.7279695575680565,0.5449152133127999,0.09947430149266312,0.09947430149266312,speed,16,5.0,30.0,2.0,1.5
355,S15,射击,751.45,752.95,17.56936299329223,-3.822523178090668,1.7871398337826445,0.7759894997036361,0.10643008310867774,0.10643008310867774,speed,16,5.0,30.0,2.0,1.5
356,S15,射击,751.55,753.05,17.875174288877663,-4.755402776272405,1.877120860033896,0.7864419532455422,0.061439569983052,0.061439569983052,speed,16,5.0,30.0,2.0,1.5
357,S15,射击,751.65,753.15,18.080163504085814,-6.927906996408216,1.9419901104395114,0.36638457188970847,0.02900494478024429,0.02900494478024429,speed,16,5.0,30.0,2.0,1.5
358,S15,射击,751.75,753.25,18.226168629758376,-8.631025476791786,1.950301586528506,0.22178648534838472,0.024849206735746976,0.024849206735746976,speed,16,5.0,30.0,2.0,1.5
359,S15,射击,751.85,753.35,18.284488030894344,-8.735931435058513,1.9173381180360112,0.4291553453692041,0.024849206735746976,0.024849206735746976,speed,16,5.0,30.0,2.0,1.5
360,S15,射击,751.95,753.45,18.295473399835892,-7.723886454947365,1.8797572431926395,0.4199810175677014,0.024849206735746976,0.024849206735746976,speed,16,5.0,30.0,2.0,1.5
361,S15,射击,752.05,753.55,18.39479067053605,-6.68792203770739,1.8779320172210527,0.7105775834182527,0.024849206735746976,0.024849206735746976,speed,16,5.0,30.0,2.0,1.5
362,S15,射击,752.15,753.65,18.66376588056986,-6.672709263010268,1.9536498027435425,1.383053726144494,0.023175098628228752,0.023175098628228752,speed,16,5.0,30.0,2.0,1.5
363,S16,射击,748.55,750.05,23.112962594271487,18.05281486037501,1.8488032496532487,0.8070626712071034,0.019917353357288725,0.019917353357288725,speed,16,5.0,30.0,2.0,1.5
364,S16,射击,748.65,750.15,22.897368201828094,18.025086755382492,1.8885827868985845,0.15884932580738045,0.05570860655070775,0.05570860655070775,speed,16,5.0,30.0,2.0,1.5
365,S16,射击,748.75,750.25,22.665154755451955,18.248795619596017,1.8797157757162006,0.2829734406221424,0.05570860655070775,0.05570860655070775,speed,16,5.0,30.0,2.0,1.5
366,S16,射击,748.85,750.35,22.584787922152117,18.710310636460072,1.8761230129079347,0.3095925211760501,0.05570860655070775,0.05570860655070775,speed,16,5.0,30.0,2.0,1.5
367,S16,射击,748.95,750.45,22.736492477807396,18.827934747704894,1.902794228816051,0.1535790287785399,0.048602885591974454,0.048602885591974454,speed,16,5.0,30.0,2.0,1.5
368,S16,射击,749.05,750.55,22.960234217118966,18.448948915796944,1.905026804673157,0.3696131293840057,0.04748659766342145,0.04748659766342145,speed,16,5.0,30.0,2.0,1.5
369,S16,射击,749.15,750.65,22.994527378879557,17.93507124088634,1.8416056803468617,0.7100153102842994,0.04748659766342145,0.04748659766342145,speed,16,5.0,30.0,2.0,1.5
370,S16,射击,749.25,750.75,22.902219482430542,17.61053953379853,1.7711452066468767,0.34680431908594433,0.04748659766342145,0.04748659766342145,speed,16,5.0,30.0,2.0,1.5
371,S16,射击,749.35,750.85,22.98968360979334,17.689618826245745,1.774158766029351,0.6229398549222863,0.04748659766342145,0.04748659766342145,speed,16,5.0,30.0,2.0,1.5
372,S16,射击,749.45,750.95,23.30751200195154,18.040476011939056,1.854789669731743,0.9657176717707825,0.04748659766342145,0.04748659766342145,speed,16,5.0,30.0,2.0,1.5
373,S16,射击,749.55,751.05,23.567049769595258,18.207659667857463,1.9373432713775172,0.5320484221034176,0.03132836431124142,0.03132836431124142,speed,16,5.0,30.0,2.0,1.5
374,S16,射击,749.65,751.15,23.612569532314218,17.78858357980325,1.94128336206046,0.36178019786714827,0.029358318969770036,0.029358318969770036,speed,16,5.0,30.0,2.0,1.5
375,S16,射击,749.75,751.25,23.621881895670597,17.140946756138955,1.8716280173822535,0.7156986605630768,0.029358318969770036,0.029358318969770036,speed,16,5.0,30.0,2.0,1.5
376,S16,射击,749.85,751.35,23.76661033771067,17.10049634779243,1.8010513970146738,0.6082211539885957,0.029358318969770036,0.029358318969770036,speed,16,5.0,30.0,2.0,1.5
377,S16,射击,749.95,751.45,24.032251488668706,17.82117823977662,1.7601311118824896,0.5553487347862208,0.029358318969770036,0.029358318969770036,speed,16,5.0,30.0,2.0,1.5
378,S16,射击,750.05,751.55,24.296845492343483,18.387192663465928,1.711057580607255,0.6868673239251447,0.029358318969770036,0.029358318969770036,speed,16,5.0,30.0,2.0,1.5
379,S16,射击,750.15,751.65,24.483570008806527,18.080500484421087,1.6313000837507332,0.8221149270213447,0.029358318969770036,0.029358318969770036,speed,16,5.0,30.0,2.0,1.5
380,S16,射击,750.25,751.75,24.68500149635496,17.225135038472455,1.5470475416174923,0.6230808900997035,0.029358318969770036,0.029358318969770036,speed,16,5.0,30.0,2.0,1.5
381,S16,射击,750.35,751.85,25.00728801773872,16.330600433748597,1.506761305982304,0.19003567478317088,0.029358318969770036,0.029358318969770036,speed,16,5.0,30.0,2.0,1.5
382,S16,射击,750.45,751.95,25.370622278025362,15.678974484875528,1.5546419788700065,0.9195700303635619,0.029358318969770036,0.029358318969770036,speed,16,5.0,30.0,2.0,1.5
383,S16,射击,750.55,752.05,25.50825029415121,15.294727849143138,1.6728461175190703,1.132047019290078,0.029358318969770036,0.029358318969770036,speed,16,5.0,30.0,2.0,1.5
384,S16,射击,750.65,752.15,25.302560752612923,15.295027023494868,1.7625966757250375,0.46745669215474317,0.029358318969770036,0.029358318969770036,speed,16,5.0,30.0,2.0,1.5
385,S16,射击,750.75,752.25,25.03315528766857,15.63048150418247,1.7484541807284626,0.47220999860886387,0.029358318969770036,0.029358318969770036,speed,16,5.0,30.0,2.0,1.5
386,S16,射击,750.85,752.35,24.96778303799379,15.621006051526523,1.668155553564467,0.6774159457137927,0.029358318969770036,0.029358318969770036,speed,16,5.0,30.0,2.0,1.5
387,S16,射击,750.95,752.45,25.102706628583373,14.435413743072816,1.6211196226868918,0.3260491322865235,0.029358318969770036,0.029358318969770036,speed,16,5.0,30.0,2.0,1.5
388,S16,射击,751.05,752.55,25.31686247568039,12.599064674701236,1.6503303271422831,0.3969953750832814,0.029358318969770036,0.029358318969770036,speed,16,5.0,30.0,2.0,1.5
389,S16,射击,751.15,752.65,25.515654944712598,11.548870105570426,1.6988723235549585,0.48601274028572317,0.029358318969770036,0.029358318969770036,speed,16,5.0,30.0,2.0,1.5
390,S16,射击,751.25,752.75,25.71847907346493,11.533673576425329,1.7141936761758922,0.5943494046193272,0.06418599130887326,0.06418599130887326,speed,16,5.0,30.0,2.0,1.5
391,S16,射击,751.35,752.85,26.023716244342317,11.852549685445998,1.7279695575680565,0.5449152133127999,0.09947430149266312,0.09947430149266312,speed,16,5.0,30.0,2.0,1.5
392,S16,射击,751.45,752.95,26.39458656595678,11.869042125753195,1.7871398337826445,0.7759894997036361,0.10643008310867774,0.10643008310867774,speed,16,5.0,30.0,2.0,1.5
393,S16,射击,751.55,753.05,26.610474620847974,11.089047291223734,1.877120860033896,0.7864419532455422,0.061439569983052,0.061439569983052,speed,16,5.0,30.0,2.0,1.5
394,S16,射击,751.65,753.15,26.617562820989075,9.556747289662368,1.9419901104395114,0.36638457188970847,0.02900494478024429,0.02900494478024429,speed,16,5.0,30.0,2.0,1.5
395,S16,射击,751.75,753.25,26.60200072886643,8.353595810296678,1.950301586528506,0.22178648534838472,0.024849206735746976,0.024849206735746976,speed,16,5.0,30.0,2.0,1.5
396,S16,射击,751.85,753.35,26.648012805909648,8.248144606703493,1.9173381180360112,0.4291553453692041,0.024849206735746976,0.024849206735746976,speed,16,5.0,30.0,2.0,1.5
397,S16,射击,751.95,753.45,26.751940142220512,8.904981673010457,1.8797572431926395,0.4199810175677014,0.024849206735746976,0.024849206735746976,speed,16,5.0,30.0,2.0,1.5
398,S16,射击,752.05,753.55,26.94096983498137,9.524097007441329,1.8779320172210527,0.7105775834182527,0.024849206735746976,0.024849206735746976,speed,16,5.0,30.0,2.0,1.5
399,S16,射击,752.15,753.65,27.20072312405488,9.37593796036461,1.9536498027435425,1.383053726144494,0.023175098628228752,0.023175098628228752,speed,16,5.0,30.0,2.0,1.5
400,P01,拍照,507.65,508.15,32.394021206804304,-82.56243992073848,1.2426605402815418,1.486550791635539,0.008966138909640708,0.008966138909640708,acceleration,6,10.0,40.0,1.5,1.5
401,P01,拍照,507.75,508.25,32.90234833329446,-82.77320881577984,1.174993641032538,1.1365412498699554,0.008966138909640708,0.008966138909640708,acceleration,6,10.0,40.0,1.5,1.5
402,P01,拍照,507.85,508.35,33.166105383964485,-82.54770087294573,1.0563860997659913,1.2983028563908852,0.008966138909640708,0.008966138909640708,acceleration,6,10.0,40.0,1.5,1.5
403,P01,拍照,507.95,508.45,33.06970814459956,-82.01743073662321,0.921132857918943,1.290775133571956,0.008966138909640708,0.008966138909640708,acceleration,6,10.0,40.0,1.5,1.5
404,P01,拍照,508.05,508.55,32.77325716940503,-81.56096695746592,0.8385381659497585,0.8395874566903101,0.008966138909640708,0.008966138909640708,acceleration,6,10.0,40.0,1.5,1.5
405,P01,拍照,508.15,508.65,32.59046539245984,-81.47033464160208,0.8121132713922529,0.6356839783614676,0.008966138909640708,0.008966138909640708,acceleration,6,10.0,40.0,1.5,1.5
406,P01,拍照,508.25,508.75,32.69174976185151,-81.57064418685535,0.8041957232986053,0.6950050447711482,0.13446476240607655,0.13446476240607655,acceleration,6,10.0,40.0,1.5,1.5
407,P01,拍照,508.35,508.85,32.98265484219213,-81.3798651542534,0.7986200716745026,0.551752647052605,0.13446476240607655,0.13446476240607655,acceleration,6,10.0,40.0,1.5,1.5
408,P01,拍照,508.45,508.95,33.31043083868247,-80.74705621821681,0.7847165676625723,0.30696437609059374,0.1394832442853627,0.1394832442853627,acceleration,6,10.0,40.0,1.5,1.5
409,P01,拍照,508.55,509.05,33.56488614591003,-79.97972068827123,0.7492238966865028,0.4063539301558871,0.21450379513633233,0.21450379513633233,distance_upper,6,10.0,40.0,1.5,1.5
410,P01,拍照,508.65,509.15,33.64887920763048,-79.1867913282099,0.7040966390875533,0.30581611572436523,0.21170402641231736,0.21170402641231736,distance_upper,6,10.0,40.0,1.5,1.5
411,P01,拍照,508.75,509.25,33.65383885952684,-78.46624002158902,0.6880671836118303,0.27469257857163365,0.21153870468243857,0.21153870468243857,distance_upper,6,10.0,40.0,1.5,1.5
412,P01,拍照,508.85,509.35,33.71153557963488,-78.15837617142145,0.73251835036009,0.8358181040928186,0.20961548067883745,0.20961548067883745,distance_upper,6,10.0,40.0,1.5,1.5
413,P01,拍照,508.95,509.45,33.846481087565756,-78.35872725449445,0.8237304580010703,1.0295084608123788,0.20511729708114146,0.20511729708114146,distance_upper,6,10.0,40.0,1.5,1.5
414,P01,拍照,509.05,509.55,34.00101452986921,-78.71513525205023,0.907783338421264,0.6425595493358386,0.199966182337693,0.199966182337693,distance_upper,6,10.0,40.0,1.5,1.5
415,P01,拍照,509.15,509.65,34.1158873147879,-78.99655272737357,0.9436661497458656,0.36911532643191586,0.19613708950707007,0.19613708950707007,distance_upper,6,10.0,40.0,1.5,1.5
416,P01,拍照,509.25,509.75,34.13166588845832,-79.21190472124002,0.9476747328019905,0.6426228163361286,0.19561113705138927,0.19561113705138927,distance_upper,6,10.0,40.0,1.5,1.5
417,P01,拍照,509.35,509.85,33.968055429845705,-79.2695963153691,0.9654852310758955,0.6039882676577405,0.19561113705138927,0.19561113705138927,distance_upper,6,10.0,40.0,1.5,1.5
418,P01,拍照,509.45,509.95,33.63966806456842,-79.13505002074669,1.016084185440306,0.7208894733534501,0.19561113705138927,0.19561113705138927,distance_upper,6,10.0,40.0,1.5,1.5
419,P01,拍照,509.55,510.05,33.28522117037117,-78.89982182827238,1.0996050448628671,1.0074772954333542,0.19561113705138927,0.19561113705138927,distance_upper,6,10.0,40.0,1.5,1.5
420,P01,拍照,509.65,510.15,33.01068939253696,-78.73329744546145,1.2082412575713115,1.0951849904417414,0.19450582828579233,0.19450582828579233,speed,6,10.0,40.0,1.5,1.5
421,P01,拍照,509.75,510.25,32.84626466403844,-78.90292988192678,1.3051215109539072,0.6154397478042519,0.12991899269739524,0.12991899269739524,speed,6,10.0,40.0,1.5,1.5
422,P01,拍照,509.85,510.35,32.84285908497321,-79.35515665103098,1.3278515573860974,0.3287157750410037,0.1147656284092684,0.1147656284092684,speed,6,10.0,40.0,1.5,1.5
423,P01,拍照,509.95,510.45,33.0062817023802,-79.51741851920306,1.2646858960770095,0.826095925875034,0.1147656284092684,0.1147656284092684,speed,6,10.0,40.0,1.5,1.5
424,P01,拍照,510.05,510.55,33.21357569266479,-79.21079953915672,1.1888829373136929,0.5588630741487159,0.1147656284092684,0.1147656284092684,speed,6,10.0,40.0,1.5,1.5
425,P01,拍照,510.15,510.65,33.32939914855436,-78.9352609227237,1.1607224851114324,0.2609184690601152,0.1147656284092684,0.1147656284092684,speed,6,10.0,40.0,1.5,1.5
426,P01,拍照,510.25,510.75,33.422814720699186,-79.03683947582522,1.1644635983094165,0.5021035462686825,0.1147656284092684,0.1147656284092684,speed,6,10.0,40.0,1.5,1.5
427,P01,拍照,510.35,510.85,33.64142607362308,-79.50086561558847,1.1656077540512277,0.672871566903245,0.1147656284092684,0.1147656284092684,speed,6,10.0,40.0,1.5,1.5
428,P01,拍照,510.45,510.95,34.00824832661687,-80.03384721961316,1.1639010984378333,0.9719772157741143,0.15687606928199363,0.15687606928199363,speed,6,10.0,40.0,1.5,1.5
429,P01,拍照,510.55,511.05,34.37250975547575,-80.08109296312998,1.1789166258937291,1.2236699002236058,0.18422006651759615,0.18422006651759615,acceleration,6,10.0,40.0,1.5,1.5
430,P01,拍照,510.65,511.15,34.7143868976605,-79.46287822176627,1.2129695591908398,1.0067347157650652,0.17618710341131655,0.17618710341131655,distance_upper,6,10.0,40.0,1.5,1.5
431,P01,拍照,510.75,511.25,35.071876877054436,-78.87248640754845,1.2307371013981692,0.3865537657236788,0.16427077076485214,0.16427077076485214,distance_upper,6,10.0,40.0,1.5,1.5
432,P01,拍照,510.85,511.35,35.273309278399985,-78.88641887595446,1.2171245854265145,0.09397630485538223,0.15755635738666715,0.15755635738666715,distance_upper,6,10.0,40.0,1.5,1.5
433,P01,拍照,510.95,511.45,35.20891260086049,-79.33389032432012,1.2155597855056923,0.16408319608363733,0.15755635738666715,0.15755635738666715,distance_upper,6,10.0,40.0,1.5,1.5
434,P01,拍照,511.05,511.55,35.11284048114524,-79.76956355967508,1.2495048297121467,0.6286001039068954,0.15755635738666715,0.15755635738666715,distance_upper,6,10.0,40.0,1.5,1.5
435,P01,拍照,511.15,511.65,35.223434918514656,-80.0190979209347,1.285572296697203,0.9288117571898472,0.14295180220186468,0.14295180220186468,speed,6,10.0,40.0,1.5,1.5
436,P01,拍照,511.25,511.75,35.49011715647809,-80.25322780638288,1.3098217360477669,0.7741540741939867,0.12678550930148877,0.12678550930148877,speed,6,10.0,40.0,1.5,1.5
437,P01,拍照,511.35,511.85,35.814054764087174,-80.69521656325686,1.3436412792983867,0.5390806562067957,0.10423914713440885,0.10423914713440885,speed,6,10.0,40.0,1.5,1.5
438,P01,拍照,511.45,511.95,36.10639505182638,-81.18208994084947,1.395442631012145,0.6874954417946231,0.06970491265856997,0.06970491265856997,speed,6,10.0,40.0,1.5,1.5
439,P01,拍照,511.55,512.05,36.268146629057455,-81.1215611786644,1.470328725143792,1.1351918539827195,0.01978084990413868,0.01978084990413868,speed,6,10.0,40.0,1.5,1.5
440,P02,拍照,492.65,493.15,18.7509133008794,35.07316191778679,1.3892168627138035,1.2336136375335063,0.011282150068601707,0.011282150068601707,speed,6,10.0,40.0,1.5,1.5
441,P02,拍照,492.95,493.45,18.460444555647527,35.906310084953894,1.1331185627443656,0.6950772286492598,0.011282150068601707,0.011282150068601707,speed,6,10.0,40.0,1.5,1.5
442,P02,拍照,493.25,493.75,18.607921566053687,36.480604001114955,1.017156167415523,1.0280502660519548,0.12772010253925922,0.12772010253925922,acceleration,6,10.0,40.0,1.5,1.5
443,P02,拍照,493.55,494.05,18.110923289935457,37.106951448613444,1.1132348672598857,0.27715346422207243,0.15972452004161752,0.15972452004161752,acceleration,6,10.0,40.0,1.5,1.5
444,P02,拍照,493.85,494.35,17.93725345193344,37.58366198109152,1.150301572079074,0.8810436160698029,0.2289327885409723,0.2289327885409723,speed,6,10.0,40.0,1.5,1.5
445,P02,拍照,494.15,494.65,18.22133522855862,35.65035577015912,1.0365205842349925,0.5647451801211103,0.21735249621258848,0.21735249621258848,acceleration,6,10.0,40.0,1.5,1.5
446,P02,拍照,494.45,494.95,18.869073121311914,38.066738859522985,1.0485775848352668,1.1608729538506672,0.21735249621258848,0.21735249621258848,acceleration,6,10.0,40.0,1.5,1.5
447,P02,拍照,494.75,495.25,17.900757271057547,36.457173923310236,1.259594527459125,0.7711090617555076,0.16027031502725006,0.16027031502725006,speed,6,10.0,40.0,1.5,1.5
448,P02,拍照,495.05,495.55,17.576117890135343,32.92376072558576,1.3923437427927918,0.2015921886347146,0.07177083813813878,0.07177083813813878,speed,6,10.0,40.0,1.5,1.5
449,P02,拍照,507.65,508.15,27.835569837973377,-62.63861401117094,1.2426605402815418,1.486550791635539,0.008966138909640708,0.008966138909640708,acceleration,6,10.0,40.0,1.5,1.5
450,P02,拍照,507.95,508.45,28.576677340220307,-62.50630673170621,0.921132857918943,1.290775133571956,0.008966138909640708,0.008966138909640708,acceleration,6,10.0,40.0,1.5,1.5
451,P02,拍照,508.25,508.75,28.307005108732962,-61.76374652801249,0.8041957232986053,0.6950050447711482,0.13446476240607655,0.13446476240607655,acceleration,6,10.0,40.0,1.5,1.5
452,P02,拍照,508.55,509.05,29.43789799214466,-60.62455847570987,0.7492238966865028,0.4063539301558871,0.35207006692851134,0.35207006692851134,distance_upper,6,10.0,40.0,1.5,1.5
453,P02,拍照,508.85,509.35,29.930951099678055,-58.77133645514418,0.73251835036009,0.8358181040928186,0.33563496334406484,0.33563496334406484,distance_upper,6,10.0,40.0,1.5,1.5
454,P02,拍照,509.15,509.65,30.149315658051957,-59.91882850661773,0.9436661497458656,0.36911532643191586,0.3136610261250808,0.3136610261250808,acceleration,6,10.0,40.0,1.5,1.5
455,P02,拍照,509.45,509.95,29.67268629035543,-59.76660201248277,1.016084185440306,0.7208894733534501,0.3136610261250808,0.3136610261250808,acceleration,6,10.0,40.0,1.5,1.5
456,P02,拍照,509.75,510.25,28.970670369983672,-58.997736647849564,1.3051215109539072,0.6154397478042519,0.12991899269739524,0.12991899269739524,speed,6,10.0,40.0,1.5,1.5
457,P02,拍照,510.05,510.55,29.256288891718302,-59.57096873872559,1.1888829373136929,0.5588630741487159,0.1147656284092684,0.1147656284092684,speed,6,10.0,40.0,1.5,1.5
458,P02,拍照,510.35,510.85,29.60316106596287,-60.159481076723154,1.1656077540512277,0.672871566903245,0.1147656284092684,0.1147656284092684,speed,6,10.0,40.0,1.5,1.5
459,P02,拍照,510.65,511.15,30.624999110715542,-60.783696528606235,1.2129695591908398,1.0067347157650652,0.18422006651759615,0.18422006651759615,acceleration,6,10.0,40.0,1.5,1.5
460,P02,拍照,510.95,511.45,31.11888932445189,-60.93700011035938,1.2155597855056923,0.16408319608363733,0.17950859906788721,0.17950859906788721,speed,6,10.0,40.0,1.5,1.5
461,P02,拍照,511.25,511.75,31.20798828969115,-62.089373437949284,1.3098217360477669,0.7741540741939867,0.12678550930148877,0.12678550930148877,speed,6,10.0,40.0,1.5,1.5
462,P02,拍照,511.55,512.05,31.781122187845433,-63.46593520506849,1.470328725143792,1.1351918539827195,0.01978084990413868,0.01978084990413868,speed,6,10.0,40.0,1.5,1.5
463,P02,拍照,514.85,515.35,36.83103855899558,-65.45546868639273,1.219127097913501,0.10776584123771647,0.10563204803348067,0.10563204803348067,distance_upper,6,10.0,40.0,1.5,1.5
464,P02,拍照,515.15,515.65,36.6401371966163,-67.1100275963038,1.0512772731344646,0.91127376911631,0.10182442473553219,0.10182442473553219,distance_upper,6,10.0,40.0,1.5,1.5
465,P02,拍照,515.45,515.95,36.61186614480589,-67.07772082780801,1.144995907526463,0.8760777153048073,0.10182442473553219,0.10182442473553219,distance_upper,6,10.0,40.0,1.5,1.5
466,P02,拍照,515.75,516.25,36.70064979466885,-66.1502246147386,1.0864515455843422,1.0835611513589183,0.10948813854976389,0.10948813854976389,distance_upper,6,10.0,40.0,1.5,1.5
467,P02,拍照,516.05,516.55,37.22956965975855,-66.30554624032855,1.0429754839865852,0.7067514769395368,0.09234767800804823,0.09234767800804823,distance_upper,6,10.0,40.0,1.5,1.5
468,P02,拍照,516.35,516.85,38.141928867964786,-68.13009507970841,1.1981289931451415,0.1299796569752984,0.06193570440117379,0.06193570440117379,distance_upper,6,10.0,40.0,1.5,1.5
469,P02,拍照,516.65,517.15,37.38268314711322,-69.48564681926862,1.0175894012585531,1.1049406234420034,0.06193570440117379,0.06193570440117379,distance_upper,6,10.0,40.0,1.5,1.5
470,P02,拍照,516.95,517.45,37.942962487553515,-69.76188991263083,1.0428738824073303,0.5084732762069823,0.06710248713270323,0.06710248713270323,distance_upper,6,10.0,40.0,1.5,1.5
471,P02,拍照,517.25,517.75,37.768822382619284,-70.2732378237774,1.0696678942101323,0.21518645167006287,0.06856791708154948,0.06856791708154948,distance_upper,6,10.0,40.0,1.5,1.5
472,P02,拍照,517.55,518.05,38.58408863321654,-70.15290196747564,1.1664606260032093,0.561636194707467,0.04719704555944872,0.04719704555944872,distance_upper,6,10.0,40.0,1.5,1.5
473,P02,拍照,517.85,518.35,38.102822803309714,-70.04380475066024,1.1485320427599421,0.44827132051214835,0.03937319656141346,0.03937319656141346,distance_upper,6,10.0,40.0,1.5,1.5
474,P03,拍照,492.65,493.15,23.907447109520202,-8.47956783773941,1.3892168627138035,1.2336136375335063,0.011282150068601707,0.011282150068601707,speed,6,10.0,40.0,1.5,1.5
475,P03,拍照,492.75,493.25,23.802545650024456,-8.92139747364018,1.2465459204225775,1.3084198461911112,0.011282150068601707,0.011282150068601707,speed,6,10.0,40.0,1.5,1.5
476,P03,拍照,492.85,493.35,23.636867188243315,-8.911673899284578,1.1579980002372428,0.7654864665042624,0.011282150068601707,0.011282150068601707,speed,6,10.0,40.0,1.5,1.5
477,P03,拍照,492.95,493.45,23.510567025663335,-8.496490507040221,1.1331185627443656,0.6950772286492598,0.011282150068601707,0.011282150068601707,speed,6,10.0,40.0,1.5,1.5
478,P03,拍照,493.05,493.55,23.473527546991406,-8.184647996652341,1.1024274912716996,1.0826066970383195,0.011282150068601707,0.011282150068601707,speed,6,10.0,40.0,1.5,1.5
479,P03,拍照,493.15,493.65,23.48495627498717,-8.069607607740911,1.0454029968924357,1.2604132199375737,0.07385542485746432,0.07385542485746432,speed,6,10.0,40.0,1.5,1.5
480,P03,拍照,493.25,493.75,23.48594533198957,-7.921264337322969,1.017156167415523,1.0280502660519548,0.12772010253925922,0.12772010253925922,acceleration,6,10.0,40.0,1.5,1.5
481,P03,拍照,493.35,493.85,23.352016501128332,-8.076848262487037,1.0435764182771883,0.7249918356250407,0.15972452004161752,0.15972452004161752,acceleration,6,10.0,40.0,1.5,1.5
482,P03,拍照,493.45,493.95,23.101851148785787,-8.514179013787865,1.0859644403163407,0.41124953501051525,0.15972452004161752,0.15972452004161752,acceleration,6,10.0,40.0,1.5,1.5
483,P03,拍照,493.55,494.05,22.992499112696446,-8.437232047326368,1.1132348672598857,0.27715346422207243,0.15972452004161752,0.15972452004161752,acceleration,6,10.0,40.0,1.5,1.5
484,P03,拍照,493.65,494.15,23.031625550998314,-7.783845365194453,1.135809614850362,0.2705444078446627,0.15972452004161752,0.15972452004161752,acceleration,6,10.0,40.0,1.5,1.5
485,P03,拍照,493.75,494.25,22.939503231497042,-7.655981408114504,1.1566008171885416,0.27519607339732094,0.2289327885409723,0.2289327885409723,speed,6,10.0,40.0,1.5,1.5
486,P03,拍照,493.85,494.35,22.76391614695238,-8.487284308514583,1.150301572079074,0.8810436160698029,0.2289327885409723,0.2289327885409723,speed,6,10.0,40.0,1.5,1.5
487,P03,拍照,493.95,494.45,22.858853316782927,-9.392563916511012,1.1110766289537015,1.1739712556811173,0.21735249621258848,0.21735249621258848,acceleration,6,10.0,40.0,1.5,1.5
488,P03,拍照,494.05,494.55,23.182566967103522,-9.593695590016022,1.062417713334145,0.9969932026133521,0.21735249621258848,0.21735249621258848,acceleration,6,10.0,40.0,1.5,1.5
489,P03,拍照,494.15,494.65,23.39765040856731,-9.048910597714464,1.0365205842349925,0.5647451801211103,0.21735249621258848,0.21735249621258848,acceleration,6,10.0,40.0,1.5,1.5
490,P03,拍照,494.25,494.75,23.44276538716274,-8.077751152383986,1.038122707179419,0.06999526415516408,0.21735249621258848,0.21735249621258848,acceleration,6,10.0,40.0,1.5,1.5
491,P03,拍照,494.35,494.85,23.403161968769567,-7.1135582351460505,1.0379082604385468,0.8181224009812701,0.21735249621258848,0.21735249621258848,acceleration,6,10.0,40.0,1.5,1.5
492,P03,拍照,494.45,494.95,23.30842887496986,-6.567145043719802,1.0485775848352668,1.1608729538506672,0.21735249621258848,0.21735249621258848,acceleration,6,10.0,40.0,1.5,1.5
493,P03,拍照,494.55,495.05,23.147876985313623,-6.742348659821239,1.1011943135297888,1.005048052280708,0.2260846974328885,0.2260846974328885,acceleration,6,10.0,40.0,1.5,1.5
494,P03,拍照,494.65,495.15,22.978965390072347,-7.789974000154684,1.1790687666941488,0.856353566748607,0.2139541555372341,0.2139541555372341,speed,6,10.0,40.0,1.5,1.5
495,P03,拍照,494.75,495.25,22.99127068798823,-9.1674566499774,1.259594527459125,0.7711090617555076,0.16027031502725006,0.16027031502725006,speed,6,10.0,40.0,1.5,1.5
496,P03,拍照,494.85,495.35,23.231750207044197,-10.206111855950782,1.327686334824862,0.5863990236316645,0.11487577678342535,0.11487577678342535,speed,6,10.0,40.0,1.5,1.5
497,P03,拍照,494.95,495.45,23.460202200610883,-10.890698702016257,1.3708151248882972,0.32417545815788634,0.08612325007446857,0.08612325007446857,speed,6,10.0,40.0,1.5,1.5
498,P03,拍照,495.05,495.55,23.536957388695434,-11.635340381456814,1.3923437427927918,0.2015921886347146,0.07177083813813878,0.07177083813813878,speed,6,10.0,40.0,1.5,1.5
499,P03,拍照,495.15,495.65,23.620062656241036,-12.52044584243102,1.4078605622686617,0.24527622130056254,0.061426291820892175,0.061426291820892175,speed,6,10.0,40.0,1.5,1.5
500,P03,拍照,495.25,495.75,23.842370266667086,-13.158498013464957,1.4362404103374813,0.606502904298347,0.04250639310834581,0.04250639310834581,speed,6,10.0,40.0,1.5,1.5
501,P04,拍照,492.65,493.15,33.67628188345698,11.953030067899896,1.3892168627138035,1.2336136375335063,0.011282150068601707,0.011282150068601707,speed,6,10.0,40.0,1.5,1.5
502,P04,拍照,492.75,493.25,33.513511893248904,11.722003854980128,1.2465459204225775,1.3084198461911112,0.011282150068601707,0.011282150068601707,speed,6,10.0,40.0,1.5,1.5
503,P04,拍照,492.85,493.35,33.35994300337121,11.8287706929362,1.1579980002372428,0.7654864665042624,0.011282150068601707,0.011282150068601707,speed,6,10.0,40.0,1.5,1.5
504,P04,拍照,492.95,493.45,33.30220873975438,12.180213450177204,1.1331185627443656,0.6950772286492598,0.011282150068601707,0.011282150068601707,speed,6,10.0,40.0,1.5,1.5
505,P04,拍照,493.05,493.55,33.312604931379816,12.408502468953287,1.1024274912716996,1.0826066970383195,0.011282150068601707,0.011282150068601707,speed,6,10.0,40.0,1.5,1.5
506,P04,拍照,493.15,493.65,33.33986864095849,12.477480452689669,1.0454029968924357,1.2604132199375737,0.07385542485746432,0.07385542485746432,speed,6,10.0,40.0,1.5,1.5
507,P04,拍照,493.25,493.75,33.36211093597681,12.574717602272358,1.017156167415523,1.0280502660519548,0.12772010253925922,0.12772010253925922,acceleration,6,10.0,40.0,1.5,1.5
508,P04,拍照,493.35,493.85,33.21437902917807,12.553201572211654,1.0435764182771883,0.7249918356250407,0.15972452004161752,0.15972452004161752,acceleration,6,10.0,40.0,1.5,1.5
509,P04,拍照,493.45,493.95,32.91758765497377,12.419793211860108,1.0859644403163407,0.41124953501051525,0.15972452004161752,0.15972452004161752,acceleration,6,10.0,40.0,1.5,1.5
510,P04,拍照,493.55,494.05,32.82653714134304,12.538338449249817,1.1132348672598857,0.27715346422207243,0.15972452004161752,0.15972452004161752,acceleration,6,10.0,40.0,1.5,1.5
511,P04,拍照,493.65,494.15,32.95650505694264,12.941274601708159,1.135809614850362,0.2705444078446627,0.15972452004161752,0.15972452004161752,acceleration,6,10.0,40.0,1.5,1.5
512,P04,拍照,493.75,494.25,32.888505535057845,13.081517293186817,1.1566008171885416,0.27519607339732094,0.22126296880077306,0.22126296880077306,distance_upper,6,10.0,40.0,1.5,1.5
513,P04,拍照,493.85,494.35,32.60603631035129,12.649501065303197,1.150301572079074,0.8810436160698029,0.22618736569406436,0.22618736569406436,distance_upper,6,10.0,40.0,1.5,1.5
514,P04,拍照,493.95,494.45,32.56379608505101,11.998360926874883,1.1110766289537015,1.1739712556811173,0.21735249621258848,0.21735249621258848,acceleration,6,10.0,40.0,1.5,1.5
515,P04,拍照,494.05,494.55,32.835967398329274,11.660213163695206,1.062417713334145,0.9969932026133521,0.21735249621258848,0.21735249621258848,acceleration,6,10.0,40.0,1.5,1.5
516,P04,拍照,494.15,494.65,33.11633514498546,11.884702483488098,1.0365205842349925,0.5647451801211103,0.21735249621258848,0.21735249621258848,acceleration,6,10.0,40.0,1.5,1.5
517,P04,拍照,494.25,494.75,33.299194154490145,12.497591454294643,1.038122707179419,0.06999526415516408,0.21735249621258848,0.21735249621258848,acceleration,6,10.0,40.0,1.5,1.5
518,P04,拍照,494.35,494.85,33.39962248916413,13.155964628942243,1.0379082604385468,0.8181224009812701,0.21735249621258848,0.21735249621258848,acceleration,6,10.0,40.0,1.5,1.5
519,P04,拍照,494.45,494.95,33.38764326507078,13.570749919667708,1.0485775848352668,1.1608729538506672,0.21735249621258848,0.21735249621258848,acceleration,6,10.0,40.0,1.5,1.5
520,P04,拍照,494.55,495.05,33.21243736324832,13.551525199310545,1.1011943135297888,1.005048052280708,0.22001258369452897,0.22001258369452897,distance_upper,6,10.0,40.0,1.5,1.5
521,P04,拍照,494.65,495.15,32.906386693152925,12.969719828313774,1.1790687666941488,0.856353566748607,0.2139541555372341,0.2139541555372341,speed,6,10.0,40.0,1.5,1.5
522,P04,拍照,494.75,495.25,32.719891895133884,12.061181768938793,1.259594527459125,0.7711090617555076,0.16027031502725006,0.16027031502725006,speed,6,10.0,40.0,1.5,1.5
523,P04,拍照,494.85,495.35,32.79149868039481,11.225538320582244,1.327686334824862,0.5863990236316645,0.11487577678342535,0.11487577678342535,speed,6,10.0,40.0,1.5,1.5
524,P04,拍照,494.95,495.45,32.90197134798336,10.626860042301669,1.3708151248882972,0.32417545815788634,0.08612325007446857,0.08612325007446857,speed,6,10.0,40.0,1.5,1.5
525,P04,拍照,495.05,495.55,32.86081336625608,10.08286386063629,1.3923437427927918,0.2015921886347146,0.07177083813813878,0.07177083813813878,speed,6,10.0,40.0,1.5,1.5
526,P04,拍照,495.15,495.65,32.802456494359696,9.438883999029684,1.4078605622686617,0.24527622130056254,0.061426291820892175,0.061426291820892175,speed,6,10.0,40.0,1.5,1.5
527,P04,拍照,495.25,495.75,32.909621795749615,8.866394161459827,1.4362404103374813,0.606502904298347,0.04250639310834581,0.04250639310834581,speed,6,10.0,40.0,1.5,1.5
528,P10,拍照,492.65,493.15,29.77208321594719,-67.59824286010733,1.3892168627138035,1.2336136375335063,0.011282150068601707,0.011282150068601707,speed,6,10.0,40.0,1.5,1.5
529,P10,拍照,492.75,493.25,29.875977337663688,-67.95273988778006,1.2465459204225775,1.3084198461911112,0.011282150068601707,0.011282150068601707,speed,6,10.0,40.0,1.5,1.5
530,P10,拍照,492.85,493.35,29.787613579674417,-68.22202180157655,1.1579980002372428,0.7654864665042624,0.011282150068601707,0.011282150068601707,speed,6,10.0,40.0,1.5,1.5
531,P10,拍照,492.95,493.45,29.576341646156244,-68.26500959791613,1.1331185627443656,0.6950772286492598,0.011282150068601707,0.011282150068601707,speed,6,10.0,40.0,1.5,1.5
532,P10,拍照,493.05,493.55,29.447151927613408,-68.20270162152855,1.1024274912716996,1.0826066970383195,0.011282150068601707,0.011282150068601707,speed,6,10.0,40.0,1.5,1.5
533,P10,拍照,493.15,493.65,29.41201464575046,-68.13759339367655,1.0454029968924357,1.2604132199375737,0.07385542485746432,0.07385542485746432,speed,6,10.0,40.0,1.5,1.5
534,P10,拍照,493.25,493.75,29.35978903467678,-68.076843311283,1.017156167415523,1.0280502660519548,0.12772010253925922,0.12772010253925922,acceleration,6,10.0,40.0,1.5,1.5
535,P10,拍照,493.35,493.85,29.34847071772255,-68.3653847464878,1.0435764182771883,0.7249918356250407,0.15972452004161752,0.15972452004161752,acceleration,6,10.0,40.0,1.5,1.5
536,P10,拍照,493.45,493.95,29.37888264656103,-68.96071855039209,1.0859644403163407,0.41124953501051525,0.15972452004161752,0.15972452004161752,acceleration,6,10.0,40.0,1.5,1.5
537,P10,拍照,493.55,494.05,29.298184103093053,-69.11699649696456,1.1132348672598857,0.27715346422207243,0.15972452004161752,0.15972452004161752,acceleration,6,10.0,40.0,1.5,1.5
538,P10,拍照,493.65,494.15,29.08806260654911,-68.7990375581892,1.135809614850362,0.2705444078446627,0.15972452004161752,0.15972452004161752,acceleration,6,10.0,40.0,1.5,1.5
539,P10,拍照,493.75,494.25,28.998667403893958,-68.90934082135752,1.1566008171885416,0.27519607339732094,0.2289327885409723,0.2289327885409723,speed,6,10.0,40.0,1.5,1.5
540,P10,拍照,493.85,494.35,29.204331707534035,-69.52712637375443,1.150301572079074,0.8810436160698029,0.2289327885409723,0.2289327885409723,speed,6,10.0,40.0,1.5,1.5
541,P10,拍照,493.95,494.45,29.565066303407097,-69.70988248798001,1.1110766289537015,1.1739712556811173,0.21735249621258848,0.21735249621258848,acceleration,6,10.0,40.0,1.5,1.5
542,P10,拍照,494.05,494.55,29.796971964714825,-69.24682451032079,1.062417713334145,0.9969932026133521,0.21735249621258848,0.21735249621258848,acceleration,6,10.0,40.0,1.5,1.5
543,P10,拍照,494.15,494.65,29.714604027134964,-68.67394781775464,1.0365205842349925,0.5647451801211103,0.21735249621258848,0.21735249621258848,acceleration,6,10.0,40.0,1.5,1.5
544,P10,拍照,494.25,494.75,29.39387484645035,-68.21210542937514,1.038122707179419,0.06999526415516408,0.21735249621258848,0.21735249621258848,acceleration,6,10.0,40.0,1.5,1.5
545,P10,拍照,494.35,494.85,29.03142128115502,-67.89851994765098,1.0379082604385468,0.8181224009812701,0.21735249621258848,0.21735249621258848,acceleration,6,10.0,40.0,1.5,1.5
546,P10,拍照,494.45,494.95,28.790669846358924,-67.8489949018278,1.0485775848352668,1.1608729538506672,0.21735249621258848,0.21735249621258848,acceleration,6,10.0,40.0,1.5,1.5
547,P10,拍照,494.55,495.05,28.776080573260675,-68.19725755116023,1.1011943135297888,1.005048052280708,0.2260846974328885,0.2260846974328885,acceleration,6,10.0,40.0,1.5,1.5
548,P10,拍照,494.65,495.15,29.064733099480364,-68.89219325282058,1.1790687666941488,0.856353566748607,0.2139541555372341,0.2139541555372341,speed,6,10.0,40.0,1.5,1.5
549,P10,拍照,494.75,495.25,29.55250564553259,-69.40041638040995,1.259594527459125,0.7711090617555076,0.16027031502725006,0.16027031502725006,speed,6,10.0,40.0,1.5,1.5
550,P10,拍照,494.85,495.35,30.035557349644275,-69.40736167874383,1.327686334824862,0.5863990236316645,0.11487577678342535,0.11487577678342535,speed,6,10.0,40.0,1.5,1.5
551,P10,拍照,494.95,495.45,30.392488041442057,-69.31070113109537,1.3708151248882972,0.32417545815788634,0.08612325007446857,0.08612325007446857,speed,6,10.0,40.0,1.5,1.5
552,P10,拍照,495.05,495.55,30.692383780735604,-69.49083601656854,1.3923437427927918,0.2015921886347146,0.07177083813813878,0.07177083813813878,speed,6,10.0,40.0,1.5,1.5
553,P10,拍照,495.15,495.65,31.04429454705418,-69.72366239767975,1.4078605622686617,0.24527622130056254,0.061426291820892175,0.061426291820892175,speed,6,10.0,40.0,1.5,1.5
554,P10,拍照,495.25,495.75,31.387120374658082,-69.64733231771788,1.4362404103374813,0.606502904298347,0.04250639310834581,0.04250639310834581,speed,6,10.0,40.0,1.5,1.5
555,P11,拍照,492.65,493.15,28.452722383523565,-37.25772055762968,1.3892168627138035,1.2336136375335063,0.011282150068601707,0.011282150068601707,speed,6,10.0,40.0,1.5,1.5
556,P11,拍照,492.75,493.25,28.44930872113442,-37.68412213277839,1.2465459204225775,1.3084198461911112,0.011282150068601707,0.011282150068601707,speed,6,10.0,40.0,1.5,1.5
557,P11,拍照,492.85,493.35,28.3022437709248,-37.83839456243773,1.1579980002372428,0.7654864665042624,0.011282150068601707,0.011282150068601707,speed,6,10.0,40.0,1.5,1.5
558,P11,拍照,492.95,493.45,28.108894321933406,-37.65959005534235,1.1331185627443656,0.6950772286492598,0.011282150068601707,0.011282150068601707,speed,6,10.0,40.0,1.5,1.5
559,P11,拍照,493.05,493.55,28.014145773843158,-37.46867749247606,1.1024274912716996,1.0826066970383195,0.011282150068601707,0.011282150068601707,speed,6,10.0,40.0,1.5,1.5
560,P11,拍照,493.15,493.65,28.00104681604905,-37.37313019689552,1.0454029968924357,1.2604132199375737,0.07385542485746432,0.07385542485746432,speed,6,10.0,40.0,1.5,1.5
561,P11,拍照,493.25,493.75,27.97213069234852,-37.26360348293103,1.017156167415523,1.0280502660519548,0.12772010253925922,0.12772010253925922,acceleration,6,10.0,40.0,1.5,1.5
562,P11,拍照,493.35,493.85,27.886644351402328,-37.512101255682154,1.0435764182771883,0.7249918356250407,0.15972452004161752,0.15972452004161752,acceleration,6,10.0,40.0,1.5,1.5
563,P11,拍照,493.45,493.95,27.75622330677376,-38.0835798678293,1.0859644403163407,0.41124953501051525,0.15972452004161752,0.15972452004161752,acceleration,6,10.0,40.0,1.5,1.5
564,P11,拍照,493.55,494.05,27.645870899274893,-38.13977798657378,1.1132348672598857,0.27715346422207243,0.15972452004161752,0.15972452004161752,acceleration,6,10.0,40.0,1.5,1.5
565,P11,拍照,493.65,494.15,27.5495230000635,-37.62653840159542,1.135809614850362,0.2705444078446627,0.15972452004161752,0.15972452004161752,acceleration,6,10.0,40.0,1.5,1.5
566,P11,拍照,493.75,494.25,27.444092462726214,-37.62959895002317,1.1566008171885416,0.27519607339732094,0.2289327885409723,0.2289327885409723,speed,6,10.0,40.0,1.5,1.5
567,P11,拍照,493.85,494.35,27.45747780174603,-38.41217750410612,1.150301572079074,0.8810436160698029,0.2289327885409723,0.2289327885409723,speed,6,10.0,40.0,1.5,1.5
568,P11,拍照,493.95,494.45,27.718740297466223,-38.96423178732179,1.1110766289537015,1.1739712556811173,0.21735249621258848,0.21735249621258848,acceleration,6,10.0,40.0,1.5,1.5
569,P11,拍照,494.05,494.55,28.040465487359505,-38.78256654777723,1.062417713334145,0.9969932026133521,0.21735249621258848,0.21735249621258848,acceleration,6,10.0,40.0,1.5,1.5
570,P11,拍照,494.15,494.65,28.120403367332685,-38.174159160664026,1.0365205842349925,0.5647451801211103,0.21735249621258848,0.21735249621258848,acceleration,6,10.0,40.0,1.5,1.5
571,P11,拍照,494.25,494.75,27.965895203552755,-37.42138999434636,1.038122707179419,0.06999526415516408,0.21735249621258848,0.21735249621258848,acceleration,6,10.0,40.0,1.5,1.5
572,P11,拍照,494.35,494.85,27.73736753681505,-36.75570153527969,1.0379082604385468,0.8181224009812701,0.21735249621258848,0.21735249621258848,acceleration,6,10.0,40.0,1.5,1.5
573,P11,拍照,494.45,494.95,27.544560090140152,-36.45238828444652,1.0485775848352668,1.1608729538506672,0.21735249621258848,0.21735249621258848,acceleration,6,10.0,40.0,1.5,1.5
574,P11,拍照,494.55,495.05,27.440896975711738,-36.747674823256126,1.1011943135297888,1.005048052280708,0.2260846974328885,0.2260846974328885,acceleration,6,10.0,40.0,1.5,1.5
575,P11,拍照,494.65,495.15,27.505083449918185,-37.68556682852076,1.1790687666941488,0.856353566748607,0.2139541555372341,0.2139541555372341,speed,6,10.0,40.0,1.5,1.5
576,P11,拍照,494.75,495.25,27.789548123252075,-38.667695945130134,1.259594527459125,0.7711090617555076,0.16027031502725006,0.16027031502725006,speed,6,10.0,40.0,1.5,1.5
577,P11,拍照,494.85,495.35,28.204007418639453,-39.1755416906736,1.327686334824862,0.5863990236316645,0.11487577678342535,0.11487577678342535,speed,6,10.0,40.0,1.5,1.5
578,P11,拍照,494.95,495.45,28.538493844326972,-39.44736618983272,1.3708151248882972,0.32417545815788634,0.08612325007446857,0.08612325007446857,speed,6,10.0,40.0,1.5,1.5
579,P11,拍照,495.05,495.55,28.751332082816262,-39.91156403845551,1.3923437427927918,0.2015921886347146,0.07177083813813878,0.07177083813813878,speed,6,10.0,40.0,1.5,1.5
580,P11,拍照,495.15,495.65,28.996269117814713,-40.471358111973565,1.4078605622686617,0.24527622130056254,0.061426291820892175,0.061426291820892175,speed,6,10.0,40.0,1.5,1.5
581,P11,拍照,495.25,495.75,29.316077866881415,-40.7274429126964,1.4362404103374813,0.606502904298347,0.04250639310834581,0.04250639310834581,speed,6,10.0,40.0,1.5,1.5
