candidate_id,目标编号,任务,exec_time,normalized_margin,bottleneck_constraint
0,S01,射击,480.35,0.02127544679860882,speed
1,S01,射击,480.45,0.02127544679860882,speed
2,S01,射击,480.55,0.02127544679860882,speed
3,S01,射击,480.65,0.02127544679860882,speed
4,S01,射击,480.75,0.02127544679860882,speed
5,S01,射击,480.85,0.022586360165033792,speed
6,S01,射击,480.95,0.03365978833604366,speed
7,S01,射击,481.05,0.03365978833604366,speed
8,S01,射击,481.15,0.02050602334326168,speed
9,S01,射击,481.25,0.02050602334326168,speed
10,S01,射击,481.35,0.02050602334326168,speed
11,S01,射击,481.45,0.02050602334326168,speed
12,S01,射击,481.55,0.02050602334326168,speed
13,S01,射击,481.65,0.02050602334326168,speed
14,S01,射击,481.75,0.02050602334326168,speed
15,S01,射击,481.85,0.02050602334326168,speed
16,S01,射击,481.95,0.02050602334326168,speed
17,S01,射击,482.05,0.02050602334326168,speed
18,S01,射击,482.15,0.02050602334326168,speed
19,S01,射击,482.25,0.02050602334326168,speed
20,S01,射击,482.35,0.02050602334326168,speed
21,S01,射击,482.45,0.02050602334326168,speed
22,S01,射击,482.55,0.02050602334326168,speed
23,S01,射击,482.65,0.02050602334326168,speed
24,S01,射击,482.75,0.03452441689606611,speed
25,S01,射击,482.85,0.07024718542060837,speed
26,S01,射击,482.95,0.10864676979637011,speed
27,S01,射击,483.05,0.11613532645672242,acceleration
28,S01,射击,494.05,0.12772010253925922,acceleration
29,S01,射击,494.15,0.12772010253925922,acceleration
30,S01,射击,494.25,0.12772010253925922,acceleration
31,S01,射击,494.35,0.12772010253925922,acceleration
32,S01,射击,494.45,0.12772010253925922,acceleration
33,S01,射击,494.55,0.12772010253925922,acceleration
34,S01,射击,494.65,0.12772010253925922,acceleration
35,S01,射击,494.75,0.12772010253925922,acceleration
36,S01,射击,494.85,0.15972452004161752,acceleration
37,S01,射击,494.95,0.15972452004161752,acceleration
38,S01,射击,495.05,0.15972452004161752,acceleration
39,S01,射击,495.15,0.15972452004161752,acceleration
40,S01,射击,495.25,0.21735249621258848,acceleration
41,S01,射击,495.35,0.21735249621258848,acceleration
42,S01,射击,495.45,0.20410413217996165,distance_upper
43,S01,射击,495.55,0.19298531054051452,distance_upper
44,S01,射击,495.65,0.18000664300939548,distance_upper
45,S01,射击,495.75,0.16621240769463655,distance_upper
46,S01,射击,495.85,0.15714704149990255,distance_upper
47,S01,射击,495.95,0.1415656235433779,acceleration
48,S01,射击,496.05,0.12893671524317185,speed
49,S01,射击,496.15,0.08353387190355177,speed
50,S01,射击,496.25,0.051695395732757055,speed
51,S01,射击,496.35,0.0059289692445003706,speed
52,S02,射击,480.35,0.01653990651628863,distance_lower
53,S02,射击,480.45,0.01653990651628863,distance_lower
54,S02,射击,480.55,0.011961088817086568,distance_lower
55,S02,射击,494.05,0.12772010253925922,acceleration
56,S02,射击,494.15,0.12772010253925922,acceleration
57,S02,射击,494.25,0.12772010253925922,acceleration
58,S02,射击,494.35,0.12772010253925922,acceleration
59,S02,射击,494.45,0.12772010253925922,acceleration
60,S02,射击,494.55,0.12772010253925922,acceleration
61,S02,射击,494.65,0.12772010253925922,acceleration
62,S02,射击,494.75,0.12772010253925922,acceleration
63,S02,射击,494.85,0.15972452004161752,acceleration
64,S02,射击,494.95,0.15972452004161752,acceleration
65,S02,射击,495.05,0.15972452004161752,acceleration
66,S02,射击,495.15,0.15972452004161752,acceleration
67,S02,射击,495.25,0.2151424385791067,distance_upper
68,S02,射击,495.35,0.21171031535347068,distance_upper
69,S02,射击,495.45,0.19829882741972882,distance_upper
70,S02,射击,495.55,0.18972217377951522,distance_upper
71,S02,射击,495.65,0.1798348475242065,distance_upper
72,S02,射击,495.75,0.1669967624876867,distance_upper
73,S02,射击,495.85,0.1569583360658322,distance_upper
74,S02,射击,495.95,0.1415656235433779,acceleration
75,S02,射击,496.05,0.12893671524317185,speed
76,S02,射击,496.15,0.08353387190355177,speed
77,S02,射击,496.25,0.051695395732757055,speed
78,S02,射击,496.35,0.0059289692445003706,speed
79,S03,射击,480.35,0.02127544679860882,speed
80,S03,射击,480.45,0.02127544679860882,speed
81,S03,射击,480.55,0.02127544679860882,speed
82,S03,射击,480.65,0.02127544679860882,speed
83,S03,射击,480.75,0.02127544679860882,speed
84,S03,射击,480.85,0.022586360165033792,speed
85,S03,射击,480.95,0.03365978833604366,speed
86,S03,射击,481.05,0.03365978833604366,speed
87,S03,射击,481.15,0.02050602334326168,speed
88,S03,射击,481.25,0.02050602334326168,speed
89,S03,射击,481.35,0.02050602334326168,speed
90,S03,射击,481.45,0.02050602334326168,speed
91,S03,射击,481.55,0.02050602334326168,speed
92,S03,射击,481.65,0.02050602334326168,speed
93,S03,射击,481.75,0.02050602334326168,speed
94,S03,射击,481.85,0.02050602334326168,speed
95,S03,射击,481.95,0.02050602334326168,speed
96,S03,射击,482.05,0.02050602334326168,speed
97,S03,射击,482.15,0.02050602334326168,speed
98,S03,射击,482.25,0.02050602334326168,speed
99,S03,射击,482.35,0.02050602334326168,speed
100,S03,射击,482.45,0.02050602334326168,speed
101,S03,射击,482.55,0.02050602334326168,speed
102,S03,射击,482.65,0.02050602334326168,speed
103,S03,射击,482.75,0.03452441689606611,speed
104,S03,射击,482.85,0.07024718542060837,speed
105,S03,射击,482.95,0.10864676979637011,speed
106,S03,射击,483.05,0.11613532645672242,acceleration
107,S04,射击,480.35,0.02127544679860882,speed
108,S04,射击,480.45,0.02127544679860882,speed
109,S04,射击,480.55,0.02127544679860882,speed
110,S04,射击,480.65,0.02127544679860882,speed
111,S04,射击,480.75,0.02127544679860882,speed
112,S04,射击,480.85,0.022586360165033792,speed
113,S04,射击,480.95,0.03365978833604366,speed
114,S04,射击,481.05,0.03365978833604366,speed
115,S04,射击,481.15,0.02050602334326168,speed
116,S04,射击,481.25,0.02050602334326168,speed
117,S04,射击,481.35,0.02050602334326168,speed
118,S04,射击,481.45,0.02050602334326168,speed
119,S04,射击,481.55,0.02050602334326168,speed
120,S04,射击,481.65,0.02050602334326168,speed
121,S04,射击,481.75,0.02050602334326168,speed
122,S04,射击,481.85,0.02050602334326168,speed
123,S04,射击,481.95,0.02050602334326168,speed
124,S04,射击,482.05,0.02050602334326168,speed
125,S04,射击,482.15,0.02050602334326168,speed
126,S04,射击,482.25,0.02050602334326168,speed
127,S04,射击,482.35,0.02050602334326168,speed
128,S04,射击,482.45,0.02050602334326168,speed
129,S04,射击,482.55,0.02050602334326168,speed
130,S04,射击,482.65,0.02050602334326168,speed
131,S04,射击,482.75,0.03452441689606611,speed
132,S04,射击,482.85,0.07024718542060837,speed
133,S04,射击,482.95,0.10864676979637011,speed
134,S04,射击,483.05,0.11613532645672242,acceleration
135,S05,射击,480.35,0.02127544679860882,speed
136,S05,射击,480.45,0.02127544679860882,speed
137,S05,射击,480.55,0.02127544679860882,speed
138,S05,射击,480.65,0.02127544679860882,speed
139,S05,射击,480.75,0.02127544679860882,speed
140,S05,射击,480.85,0.022586360165033792,speed
141,S05,射击,480.95,0.03365978833604366,speed
142,S05,射击,481.05,0.03365978833604366,speed
143,S05,射击,481.15,0.02050602334326168,speed
144,S05,射击,481.25,0.02050602334326168,speed
145,S05,射击,481.35,0.02050602334326168,speed
146,S05,射击,481.45,0.02050602334326168,speed
147,S05,射击,481.55,0.02050602334326168,speed
148,S05,射击,481.65,0.02050602334326168,speed
149,S05,射击,481.75,0.02050602334326168,speed
150,S05,射击,481.85,0.02050602334326168,speed
151,S05,射击,481.95,0.02050602334326168,speed
152,S05,射击,482.05,0.02050602334326168,speed
153,S05,射击,482.15,0.02050602334326168,speed
154,S05,射击,482.25,0.02050602334326168,speed
155,S05,射击,482.35,0.02050602334326168,speed
156,S05,射击,482.45,0.02050602334326168,speed
157,S05,射击,482.55,0.02050602334326168,speed
158,S05,射击,482.65,0.02050602334326168,speed
159,S05,射击,482.75,0.03452441689606611,speed
160,S05,射击,482.85,0.07024718542060837,speed
161,S05,射击,482.95,0.10864676979637011,speed
162,S05,射击,483.05,0.11613532645672242,acceleration
163,S06,射击,480.35,0.02127544679860882,speed
164,S06,射击,480.45,0.02127544679860882,speed
165,S06,射击,480.55,0.02127544679860882,speed
166,S06,射击,480.65,0.02127544679860882,speed
167,S06,射击,480.75,0.02127544679860882,speed
168,S06,射击,480.85,0.022586360165033792,speed
169,S06,射击,480.95,0.03365978833604366,speed
170,S06,射击,481.05,0.03365978833604366,speed
171,S06,射击,481.15,0.02050602334326168,speed
172,S06,射击,481.25,0.02050602334326168,speed
173,S06,射击,481.35,0.02050602334326168,speed
174,S06,射击,481.45,0.02050602334326168,speed
175,S06,射击,481.55,0.02050602334326168,speed
176,S06,射击,481.65,0.02050602334326168,speed
177,S06,射击,481.75,0.02050602334326168,speed
178,S06,射击,481.85,0.02050602334326168,speed
179,S06,射击,481.95,0.02050602334326168,speed
180,S06,射击,482.05,0.02050602334326168,speed
181,S06,射击,482.15,0.02050602334326168,speed
182,S06,射击,482.25,0.02050602334326168,speed
183,S06,射击,482.35,0.015535020573160238,distance_upper
184,S06,射击,482.45,0.005166431363905844,distance_upper
185,S06,射击,482.55,0.0034104558643943505,distance_upper
186,S10,射击,508.15,0.008966138909640708,acceleration
187,S10,射击,508.95,0.008966138909640708,acceleration
188,S10,射击,509.75,0.13446476240607655,acceleration
189,S10,射击,510.55,0.1982412046562004,distance_lower
190,S10,射击,511.35,0.18422006651759615,acceleration
191,S10,射击,513.75,0.07865336045580906,speed
192,S10,射击,514.55,0.07865336045580906,speed
193,S10,射击,515.35,0.08662755033661924,acceleration
194,S10,射击,516.15,0.08662755033661924,acceleration
195,S10,射击,516.95,0.1942174604059241,distance_lower
196,S10,射击,517.75,0.17317708760737283,distance_lower
197,S10,射击,523.65,0.12499213847628932,acceleration
198,S10,射击,524.45,0.13434036371026967,acceleration
199,S10,射击,525.25,0.108442806079536,acceleration
200,S10,射击,526.05,0.108442806079536,acceleration
201,S10,射击,526.85,0.1467901617183638,acceleration
202,S10,射击,527.65,0.1467901617183638,acceleration
203,S10,射击,528.45,0.0852638453862159,speed
204,S10,射击,529.25,0.04406684622471735,speed
205,S10,射击,533.45,0.12138936483196705,acceleration
206,S10,射击,534.25,0.17933833577470096,distance_upper
207,S10,射击,535.05,0.06230997575787237,acceleration
208,S10,射击,535.85,0.06230997575787237,acceleration
209,S10,射击,536.65,0.06252630377416935,distance_upper
210,S10,射击,753.25,0.020889124859447748,distance_upper
211,S10,射击,763.85,0.13632875916347187,speed
212,S10,射击,764.65,0.13659429561211567,speed
213,S10,射击,765.45,0.09040189345959615,speed
214,S10,射击,766.25,0.08047353537288104,speed
215,S10,射击,767.05,0.08047353537288104,speed
216,S10,射击,767.85,0.08089221437327343,speed
217,S10,射击,768.65,0.09610937159453514,speed
218,S11,射击,508.15,0.008966138909640708,acceleration
219,S11,射击,508.85,0.008966138909640708,acceleration
220,S11,射击,509.55,0.008966138909640708,acceleration
221,S11,射击,510.25,0.26987667303883905,acceleration
222,S11,射击,510.95,0.26987667303883905,acceleration
223,S11,射击,511.65,0.18422006651759615,acceleration
224,S11,射击,513.95,0.07865336045580906,speed
225,S11,射击,514.65,0.07865336045580906,speed
226,S11,射击,515.35,0.08662755033661924,acceleration
227,S11,射击,516.05,0.08662755033661924,acceleration
228,S11,射击,516.75,0.2776258990940545,acceleration
229,S11,射击,517.45,0.26337291770533106,acceleration
230,S11,射击,518.15,0.26337291770533106,acceleration
231,S11,射击,523.95,0.12499213847628932,acceleration
232,S11,射击,524.65,0.13434036371026967,acceleration
233,S11,射击,525.35,0.108442806079536,acceleration
234,S11,射击,526.05,0.06910604987730821,distance_upper
235,S11,射击,526.75,0.06910604987730821,distance_upper
236,S11,射击,527.45,0.07624280320995894,distance_upper
237,S11,射击,528.15,0.0011315713026996833,distance_upper
238,S11,射击,750.65,0.04748659766342145,speed
239,S11,射击,751.35,0.029358318969770036,speed
240,S11,射击,752.05,0.029358318969770036,speed
241,S11,射击,752.75,0.06418599130887326,speed
242,S11,射击,753.45,0.024849206735746976,speed
243,S11,射击,763.95,0.13632875916347187,speed
244,S11,射击,764.65,0.13659429561211567,speed
245,S11,射击,765.35,0.09329771117977115,speed
246,S11,射击,766.05,0.08079791314071672,speed
247,S11,射击,766.75,0.08047353537288104,speed
248,S11,射击,767.45,0.08047353537288104,speed
249,S11,射击,768.15,0.08412675891362997,speed
250,S11,射击,768.85,0.10304763331663791,speed
251,S12,射击,508.15,0.008966138909640708,acceleration
252,S12,射击,508.75,0.008966138909640708,acceleration
253,S12,射击,509.35,0.008966138909640708,acceleration
254,S12,射击,509.95,0.08266841161391227,distance_upper
255,S12,射击,510.55,0.08266841161391227,distance_upper
256,S12,射击,511.15,0.09099482985192864,distance_upper
257,S12,射击,511.75,0.09352809455624068,distance_upper
258,S12,射击,513.95,0.07865336045580906,speed
259,S12,射击,514.55,0.07865336045580906,speed
260,S12,射击,515.15,0.07865336045580906,speed
261,S12,射击,515.75,0.08662755033661924,acceleration
262,S12,射击,516.35,0.16023958964736637,distance_upper
263,S12,射击,516.95,0.1688912386997984,distance_upper
264,S12,射击,517.55,0.1688912386997984,distance_upper
265,S12,射击,518.15,0.18290011771166392,distance_upper
266,S12,射击,523.85,0.12499213847628932,acceleration
267,S12,射击,524.45,0.10596273344348844,distance_upper
268,S12,射击,525.05,0.04476392748200439,distance_upper
269,S12,射击,525.65,0.002418183055411021,distance_upper
270,S12,射击,750.45,0.048602885591974454,speed
271,S12,射击,751.05,0.03132836431124142,speed
272,S12,射击,751.65,0.029358318969770036,speed
273,S12,射击,752.25,0.029358318969770036,speed
274,S12,射击,752.85,0.09947430149266312,speed
275,S12,射击,753.45,0.024849206735746976,speed
276,S12,射击,763.85,0.13632875916347187,speed
277,S12,射击,764.45,0.13632875916347187,speed
278,S12,射击,765.05,0.1042261564286403,speed
279,S12,射击,765.65,0.0857266726634377,speed
280,S12,射击,766.25,0.08047353537288104,speed
281,S12,射击,766.85,0.08047353537288104,speed
282,S12,射击,767.45,0.08047353537288104,speed
283,S12,射击,768.05,0.08270727143347978,speed
284,S12,射击,768.65,0.09610937159453514,speed
285,S13,射击,763.55,0.003053626857507794,distance_upper
286,S13,射击,763.65,0.003053626857507794,distance_upper
287,S13,射击,763.75,0.003053626857507794,distance_upper
288,S13,射击,763.85,0.003053626857507794,distance_upper
289,S14,射击,750.05,0.019917353357288725,speed
290,S14,射击,750.15,0.05570860655070775,speed
291,S14,射击,750.25,0.05570860655070775,speed
292,S14,射击,750.35,0.05570860655070775,speed
293,S14,射击,750.45,0.048602885591974454,speed
294,S14,射击,750.55,0.04748659766342145,speed
295,S14,射击,750.65,0.04748659766342145,speed
296,S14,射击,750.75,0.04748659766342145,speed
297,S14,射击,750.85,0.04748659766342145,speed
298,S14,射击,750.95,0.04748659766342145,speed
299,S14,射击,751.05,0.03132836431124142,speed
300,S14,射击,751.15,0.029358318969770036,speed
301,S14,射击,751.25,0.029358318969770036,speed
302,S14,射击,751.35,0.029358318969770036,speed
303,S14,射击,751.45,0.029358318969770036,speed
304,S14,射击,751.55,0.029358318969770036,speed
305,S14,射击,751.65,0.029358318969770036,speed
306,S14,射击,751.75,0.029358318969770036,speed
307,S14,射击,751.85,0.029358318969770036,speed
308,S14,射击,751.95,0.029358318969770036,speed
309,S14,射击,752.05,0.029358318969770036,speed
310,S14,射击,752.15,0.029358318969770036,speed
311,S14,射击,752.25,0.029358318969770036,speed
312,S14,射击,752.35,0.029358318969770036,speed
313,S14,射击,752.45,0.029358318969770036,speed
314,S14,射击,752.55,0.029358318969770036,speed
315,S14,射击,752.65,0.029358318969770036,speed
316,S14,射击,752.75,0.06418599130887326,speed
317,S14,射击,752.85,0.09947430149266312,speed
318,S14,射击,752.95,0.10643008310867774,speed
319,S14,射击,753.05,0.061439569983052,speed
320,S14,射击,753.15,0.02900494478024429,speed
321,S14,射击,753.25,0.024849206735746976,speed
322,S14,射击,753.35,0.024849206735746976,speed
323,S14,射击,753.45,0.024849206735746976,speed
324,S14,射击,753.55,0.024849206735746976,speed
325,S14,射击,753.65,0.023175098628228752,speed
326,S15,射击,750.05,0.019917353357288725,speed
327,S15,射击,750.15,0.05570860655070775,speed
328,S15,射击,750.25,0.05570860655070775,speed
329,S15,射击,750.35,0.05570860655070775,speed
330,S15,射击,750.45,0.048602885591974454,speed
331,S15,射击,750.55,0.04748659766342145,speed
332,S15,射击,750.65,0.04748659766342145,speed
333,S15,射击,750.75,0.04748659766342145,speed
334,S15,射击,750.85,0.04748659766342145,speed
335,S15,射击,750.95,0.04748659766342145,speed
336,S15,射击,751.05,0.03132836431124142,speed
337,S15,射击,751.15,0.029358318969770036,speed
338,S15,射击,751.25,0.029358318969770036,speed
339,S15,射击,751.35,0.029358318969770036,speed
340,S15,射击,751.45,0.029358318969770036,speed
341,S15,射击,751.55,0.029358318969770036,speed
342,S15,射击,751.65,0.029358318969770036,speed
343,S15,射击,751.75,0.029358318969770036,speed
344,S15,射击,751.85,0.029358318969770036,speed
345,S15,射击,751.95,0.029358318969770036,speed
346,S15,射击,752.05,0.029358318969770036,speed
347,S15,射击,752.15,0.029358318969770036,speed
348,S15,射击,752.25,0.029358318969770036,speed
349,S15,射击,752.35,0.029358318969770036,speed
350,S15,射击,752.45,0.029358318969770036,speed
351,S15,射击,752.55,0.029358318969770036,speed
352,S15,射击,752.65,0.029358318969770036,speed
353,S15,射击,752.75,0.06418599130887326,speed
354,S15,射击,752.85,0.09947430149266312,speed
355,S15,射击,752.95,0.10643008310867774,speed
356,S15,射击,753.05,0.061439569983052,speed
357,S15,射击,753.15,0.02900494478024429,speed
358,S15,射击,753.25,0.024849206735746976,speed
359,S15,射击,753.35,0.024849206735746976,speed
360,S15,射击,753.45,0.024849206735746976,speed
361,S15,射击,753.55,0.024849206735746976,speed
362,S15,射击,753.65,0.023175098628228752,speed
363,S16,射击,750.05,0.019917353357288725,speed
364,S16,射击,750.15,0.05570860655070775,speed
365,S16,射击,750.25,0.05570860655070775,speed
366,S16,射击,750.35,0.05570860655070775,speed
367,S16,射击,750.45,0.048602885591974454,speed
368,S16,射击,750.55,0.04748659766342145,speed
369,S16,射击,750.65,0.04748659766342145,speed
370,S16,射击,750.75,0.04748659766342145,speed
371,S16,射击,750.85,0.04748659766342145,speed
372,S16,射击,750.95,0.04748659766342145,speed
373,S16,射击,751.05,0.03132836431124142,speed
374,S16,射击,751.15,0.029358318969770036,speed
375,S16,射击,751.25,0.029358318969770036,speed
376,S16,射击,751.35,0.029358318969770036,speed
377,S16,射击,751.45,0.029358318969770036,speed
378,S16,射击,751.55,0.029358318969770036,speed
379,S16,射击,751.65,0.029358318969770036,speed
380,S16,射击,751.75,0.029358318969770036,speed
381,S16,射击,751.85,0.029358318969770036,speed
382,S16,射击,751.95,0.029358318969770036,speed
383,S16,射击,752.05,0.029358318969770036,speed
384,S16,射击,752.15,0.029358318969770036,speed
385,S16,射击,752.25,0.029358318969770036,speed
386,S16,射击,752.35,0.029358318969770036,speed
387,S16,射击,752.45,0.029358318969770036,speed
388,S16,射击,752.55,0.029358318969770036,speed
389,S16,射击,752.65,0.029358318969770036,speed
390,S16,射击,752.75,0.06418599130887326,speed
391,S16,射击,752.85,0.09947430149266312,speed
392,S16,射击,752.95,0.10643008310867774,speed
393,S16,射击,753.05,0.061439569983052,speed
394,S16,射击,753.15,0.02900494478024429,speed
395,S16,射击,753.25,0.024849206735746976,speed
396,S16,射击,753.35,0.024849206735746976,speed
397,S16,射击,753.45,0.024849206735746976,speed
398,S16,射击,753.55,0.024849206735746976,speed
399,S16,射击,753.65,0.023175098628228752,speed
400,P01,拍照,508.15,0.008966138909640708,acceleration
401,P01,拍照,508.25,0.008966138909640708,acceleration
402,P01,拍照,508.35,0.008966138909640708,acceleration
403,P01,拍照,508.45,0.008966138909640708,acceleration
404,P01,拍照,508.55,0.008966138909640708,acceleration
405,P01,拍照,508.65,0.008966138909640708,acceleration
406,P01,拍照,508.75,0.13446476240607655,acceleration
407,P01,拍照,508.85,0.13446476240607655,acceleration
408,P01,拍照,508.95,0.1394832442853627,acceleration
409,P01,拍照,509.05,0.21450379513633233,distance_upper
410,P01,拍照,509.15,0.21170402641231736,distance_upper
411,P01,拍照,509.25,0.21153870468243857,distance_upper
412,P01,拍照,509.35,0.20961548067883745,distance_upper
413,P01,拍照,509.45,0.20511729708114146,distance_upper
414,P01,拍照,509.55,0.199966182337693,distance_upper
415,P01,拍照,509.65,0.19613708950707007,distance_upper
416,P01,拍照,509.75,0.19561113705138927,distance_upper
417,P01,拍照,509.85,0.19561113705138927,distance_upper
418,P01,拍照,509.95,0.19561113705138927,distance_upper
419,P01,拍照,510.05,0.19561113705138927,distance_upper
420,P01,拍照,510.15,0.19450582828579233,speed
421,P01,拍照,510.25,0.12991899269739524,speed
422,P01,拍照,510.35,0.1147656284092684,speed
423,P01,拍照,510.45,0.1147656284092684,speed
424,P01,拍照,510.55,0.1147656284092684,speed
425,P01,拍照,510.65,0.1147656284092684,speed
426,P01,拍照,510.75,0.1147656284092684,speed
427,P01,拍照,510.85,0.1147656284092684,speed
428,P01,拍照,510.95,0.15687606928199363,speed
429,P01,拍照,511.05,0.18422006651759615,acceleration
430,P01,拍照,511.15,0.17618710341131655,distance_upper
431,P01,拍照,511.25,0.16427077076485214,distance_upper
432,P01,拍照,511.35,0.15755635738666715,distance_upper
433,P01,拍照,511.45,0.15755635738666715,distance_upper
434,P01,拍照,511.55,0.15755635738666715,distance_upper
435,P01,拍照,511.65,0.14295180220186468,speed
436,P01,拍照,511.75,0.12678550930148877,speed
437,P01,拍照,511.85,0.10423914713440885,speed
438,P01,拍照,511.95,0.06970491265856997,speed
439,P01,拍照,512.05,0.01978084990413868,speed
440,P02,拍照,493.15,0.011282150068601707,speed
441,P02,拍照,493.45,0.011282150068601707,speed
442,P02,拍照,493.75,0.12772010253925922,acceleration
443,P02,拍照,494.05,0.15972452004161752,acceleration
444,P02,拍照,494.35,0.2289327885409723,speed
445,P02,拍照,494.65,0.21735249621258848,acceleration
446,P02,拍照,494.95,0.21735249621258848,acceleration
447,P02,拍照,495.25,0.16027031502725006,speed
448,P02,拍照,495.55,0.07177083813813878,speed
449,P02,拍照,508.15,0.008966138909640708,acceleration
450,P02,拍照,508.45,0.008966138909640708,acceleration
451,P02,拍照,508.75,0.13446476240607655,acceleration
452,P02,拍照,509.05,0.35207006692851134,distance_upper
453,P02,拍照,509.35,0.33563496334406484,distance_upper
454,P02,拍照,509.65,0.3136610261250808,acceleration
455,P02,拍照,509.95,0.3136610261250808,acceleration
456,P02,拍照,510.25,0.12991899269739524,speed
457,P02,拍照,510.55,0.1147656284092684,speed
458,P02,拍照,510.85,0.1147656284092684,speed
459,P02,拍照,511.15,0.18422006651759615,acceleration
460,P02,拍照,511.45,0.17950859906788721,speed
461,P02,拍照,511.75,0.12678550930148877,speed
462,P02,拍照,512.05,0.01978084990413868,speed
463,P02,拍照,515.35,0.10563204803348067,distance_upper
464,P02,拍照,515.65,0.10182442473553219,distance_upper
465,P02,拍照,515.95,0.10182442473553219,distance_upper
466,P02,拍照,516.25,0.10948813854976389,distance_upper
467,P02,拍照,516.55,0.09234767800804823,distance_upper
468,P02,拍照,516.85,0.06193570440117379,distance_upper
469,P02,拍照,517.15,0.06193570440117379,distance_upper
470,P02,拍照,517.45,0.06710248713270323,distance_upper
471,P02,拍照,517.75,0.06856791708154948,distance_upper
472,P02,拍照,518.05,0.04719704555944872,distance_upper
473,P02,拍照,518.35,0.03937319656141346,distance_upper
474,P03,拍照,493.15,0.011282150068601707,speed
475,P03,拍照,493.25,0.011282150068601707,speed
476,P03,拍照,493.35,0.011282150068601707,speed
477,P03,拍照,493.45,0.011282150068601707,speed
478,P03,拍照,493.55,0.011282150068601707,speed
479,P03,拍照,493.65,0.07385542485746432,speed
480,P03,拍照,493.75,0.12772010253925922,acceleration
481,P03,拍照,493.85,0.15972452004161752,acceleration
482,P03,拍照,493.95,0.15972452004161752,acceleration
483,P03,拍照,494.05,0.15972452004161752,acceleration
484,P03,拍照,494.15,0.15972452004161752,acceleration
485,P03,拍照,494.25,0.2289327885409723,speed
486,P03,拍照,494.35,0.2289327885409723,speed
487,P03,拍照,494.45,0.21735249621258848,acceleration
488,P03,拍照,494.55,0.21735249621258848,acceleration
489,P03,拍照,494.65,0.21735249621258848,acceleration
490,P03,拍照,494.75,0.21735249621258848,acceleration
491,P03,拍照,494.85,0.21735249621258848,acceleration
492,P03,拍照,494.95,0.21735249621258848,acceleration
493,P03,拍照,495.05,0.2260846974328885,acceleration
494,P03,拍照,495.15,0.2139541555372341,speed
495,P03,拍照,495.25,0.16027031502725006,speed
496,P03,拍照,495.35,0.11487577678342535,speed
497,P03,拍照,495.45,0.08612325007446857,speed
498,P03,拍照,495.55,0.07177083813813878,speed
499,P03,拍照,495.65,0.061426291820892175,speed
500,P03,拍照,495.75,0.04250639310834581,speed
501,P04,拍照,493.15,0.011282150068601707,speed
502,P04,拍照,493.25,0.011282150068601707,speed
503,P04,拍照,493.35,0.011282150068601707,speed
504,P04,拍照,493.45,0.011282150068601707,speed
505,P04,拍照,493.55,0.011282150068601707,speed
506,P04,拍照,493.65,0.07385542485746432,speed
507,P04,拍照,493.75,0.12772010253925922,acceleration
508,P04,拍照,493.85,0.15972452004161752,acceleration
509,P04,拍照,493.95,0.15972452004161752,acceleration
510,P04,拍照,494.05,0.15972452004161752,acceleration
511,P04,拍照,494.15,0.15972452004161752,acceleration
512,P04,拍照,494.25,0.22126296880077306,distance_upper
513,P04,拍照,494.35,0.22618736569406436,distance_upper
514,P04,拍照,494.45,0.21735249621258848,acceleration
515,P04,拍照,494.55,0.21735249621258848,acceleration
516,P04,拍照,494.65,0.21735249621258848,acceleration
517,P04,拍照,494.75,0.21735249621258848,acceleration
518,P04,拍照,494.85,0.21735249621258848,acceleration
519,P04,拍照,494.95,0.21735249621258848,acceleration
520,P04,拍照,495.05,0.22001258369452897,distance_upper
521,P04,拍照,495.15,0.2139541555372341,speed
522,P04,拍照,495.25,0.16027031502725006,speed
523,P04,拍照,495.35,0.11487577678342535,speed
524,P04,拍照,495.45,0.08612325007446857,speed
525,P04,拍照,495.55,0.07177083813813878,speed
526,P04,拍照,495.65,0.061426291820892175,speed
527,P04,拍照,495.75,0.04250639310834581,speed
528,P10,拍照,493.15,0.011282150068601707,speed
529,P10,拍照,493.25,0.011282150068601707,speed
530,P10,拍照,493.35,0.011282150068601707,speed
531,P10,拍照,493.45,0.011282150068601707,speed
532,P10,拍照,493.55,0.011282150068601707,speed
533,P10,拍照,493.65,0.07385542485746432,speed
534,P10,拍照,493.75,0.12772010253925922,acceleration
535,P10,拍照,493.85,0.15972452004161752,acceleration
536,P10,拍照,493.95,0.15972452004161752,acceleration
537,P10,拍照,494.05,0.15972452004161752,acceleration
538,P10,拍照,494.15,0.15972452004161752,acceleration
539,P10,拍照,494.25,0.2289327885409723,speed
540,P10,拍照,494.35,0.2289327885409723,speed
541,P10,拍照,494.45,0.21735249621258848,acceleration
542,P10,拍照,494.55,0.21735249621258848,acceleration
543,P10,拍照,494.65,0.21735249621258848,acceleration
544,P10,拍照,494.75,0.21735249621258848,acceleration
545,P10,拍照,494.85,0.21735249621258848,acceleration
546,P10,拍照,494.95,0.21735249621258848,acceleration
547,P10,拍照,495.05,0.2260846974328885,acceleration
548,P10,拍照,495.15,0.2139541555372341,speed
549,P10,拍照,495.25,0.16027031502725006,speed
550,P10,拍照,495.35,0.11487577678342535,speed
551,P10,拍照,495.45,0.08612325007446857,speed
552,P10,拍照,495.55,0.07177083813813878,speed
553,P10,拍照,495.65,0.061426291820892175,speed
554,P10,拍照,495.75,0.04250639310834581,speed
555,P11,拍照,493.15,0.011282150068601707,speed
556,P11,拍照,493.25,0.011282150068601707,speed
557,P11,拍照,493.35,0.011282150068601707,speed
558,P11,拍照,493.45,0.011282150068601707,speed
559,P11,拍照,493.55,0.011282150068601707,speed
560,P11,拍照,493.65,0.07385542485746432,speed
561,P11,拍照,493.75,0.12772010253925922,acceleration
562,P11,拍照,493.85,0.15972452004161752,acceleration
563,P11,拍照,493.95,0.15972452004161752,acceleration
564,P11,拍照,494.05,0.15972452004161752,acceleration
565,P11,拍照,494.15,0.15972452004161752,acceleration
566,P11,拍照,494.25,0.2289327885409723,speed
567,P11,拍照,494.35,0.2289327885409723,speed
568,P11,拍照,494.45,0.21735249621258848,acceleration
569,P11,拍照,494.55,0.21735249621258848,acceleration
570,P11,拍照,494.65,0.21735249621258848,acceleration
571,P11,拍照,494.75,0.21735249621258848,acceleration
572,P11,拍照,494.85,0.21735249621258848,acceleration
573,P11,拍照,494.95,0.21735249621258848,acceleration
574,P11,拍照,495.05,0.2260846974328885,acceleration
575,P11,拍照,495.15,0.2139541555372341,speed
576,P11,拍照,495.25,0.16027031502725006,speed
577,P11,拍照,495.35,0.11487577678342535,speed
578,P11,拍照,495.45,0.08612325007446857,speed
579,P11,拍照,495.55,0.07177083813813878,speed
580,P11,拍照,495.65,0.061426291820892175,speed
581,P11,拍照,495.75,0.04250639310834581,speed
